-- MySQL dump 10.13  Distrib 8.0.26, for Win64 (x86_64)
--
-- Host: 127.0.0.1    Database: startweb
-- ------------------------------------------------------
-- Server version	8.0.26

/*!40101 SET @OLD_CHARACTER_SET_CLIENT=@@CHARACTER_SET_CLIENT */;
/*!40101 SET @OLD_CHARACTER_SET_RESULTS=@@CHARACTER_SET_RESULTS */;
/*!40101 SET @OLD_COLLATION_CONNECTION=@@COLLATION_CONNECTION */;
/*!50503 SET NAMES utf8 */;
/*!40103 SET @OLD_TIME_ZONE=@@TIME_ZONE */;
/*!40103 SET TIME_ZONE='+00:00' */;
/*!40014 SET @OLD_UNIQUE_CHECKS=@@UNIQUE_CHECKS, UNIQUE_CHECKS=0 */;
/*!40014 SET @OLD_FOREIGN_KEY_CHECKS=@@FOREIGN_KEY_CHECKS, FOREIGN_KEY_CHECKS=0 */;
/*!40101 SET @OLD_SQL_MODE=@@SQL_MODE, SQL_MODE='NO_AUTO_VALUE_ON_ZERO' */;
/*!40111 SET @OLD_SQL_NOTES=@@SQL_NOTES, SQL_NOTES=0 */;

--
-- Table structure for table `board_like`
--

DROP TABLE IF EXISTS `board_like`;
/*!40101 SET @saved_cs_client     = @@character_set_client */;
/*!50503 SET character_set_client = utf8mb4 */;
CREATE TABLE `board_like` (
  `lno` int NOT NULL AUTO_INCREMENT,
  `sno` int NOT NULL,
  `uno` int NOT NULL,
  PRIMARY KEY (`lno`),
  KEY `fk_board_like_sno` (`sno`),
  KEY `fk_board_like_uno` (`uno`),
  CONSTRAINT `fk_board_like_sno` FOREIGN KEY (`sno`) REFERENCES `style_board_tbl` (`sno`) ON DELETE CASCADE,
  CONSTRAINT `fk_board_like_uno` FOREIGN KEY (`uno`) REFERENCES `user_tbl` (`uno`) ON DELETE CASCADE
) ENGINE=InnoDB AUTO_INCREMENT=252 DEFAULT CHARSET=utf8mb4 COLLATE=utf8mb4_0900_ai_ci;
/*!40101 SET character_set_client = @saved_cs_client */;

--
-- Dumping data for table `board_like`
--

LOCK TABLES `board_like` WRITE;
/*!40000 ALTER TABLE `board_like` DISABLE KEYS */;
INSERT INTO `board_like` VALUES (4,1,3),(8,1,8),(13,8,13),(14,11,13),(15,12,13),(16,10,13),(17,9,13),(18,13,13),(19,17,13),(20,18,13),(21,14,13),(22,15,13),(23,16,13),(24,17,16),(26,16,16),(27,18,16),(28,14,16),(29,15,16),(30,13,16),(31,12,16),(32,11,16),(33,10,16),(34,9,16),(35,8,16),(39,1,16),(40,20,16),(41,19,16),(42,21,16),(43,9,17),(45,10,17),(46,11,17),(47,1,17),(49,8,17),(50,15,17),(51,14,17),(52,13,17),(54,19,17),(55,18,17),(56,17,17),(58,16,17),(59,20,17),(60,21,17),(61,22,17),(62,23,18),(63,1,18),(64,8,18),(65,12,18),(68,11,18),(70,10,18),(71,9,18),(72,13,18),(73,14,18),(74,15,18),(75,19,18),(76,18,18),(77,17,18),(78,22,18),(79,21,18),(80,20,18),(81,1,19),(84,8,19),(85,11,19),(86,14,19),(87,19,19),(88,18,19),(89,21,19),(91,22,19),(92,24,19),(93,23,19),(94,20,19),(95,9,19),(96,21,20),(97,23,20),(98,16,20),(99,24,20),(100,17,20),(101,12,20),(102,18,20),(103,11,20),(105,1,20),(106,8,20),(107,15,20),(108,20,20),(109,19,20),(110,25,20),(111,26,21),(112,8,21),(113,1,21),(114,18,21),(115,12,21),(116,16,21),(117,22,21),(118,23,21),(119,25,21),(120,24,21),(121,15,21),(123,9,21),(124,20,21),(125,19,14),(126,27,14),(127,23,2),(128,22,2),(129,25,2),(130,13,2),(131,10,2),(133,18,14),(134,12,14),(135,11,14),(136,20,14),(137,10,14),(139,14,14),(140,13,14),(141,23,14),(142,22,14),(143,21,14),(144,24,14),(145,25,14),(146,26,14),(147,20,15),(148,28,15),(149,13,15),(150,12,15),(151,1,15),(152,21,15),(153,19,15),(154,15,15),(155,23,15),(156,27,15),(157,26,15),(158,25,15),(159,17,15),(160,24,15),(161,29,15),(162,26,16),(163,27,16),(164,29,16),(165,28,16),(167,30,16),(169,24,17),(170,26,17),(171,28,17),(172,29,17),(173,30,17),(174,27,17),(175,12,2),(176,21,2),(177,24,2),(178,12,17),(179,1,5),(180,12,5),(181,18,5),(182,20,5),(183,13,5),(184,24,5),(185,23,5),(186,11,5),(187,8,5),(188,19,5),(189,15,5),(190,21,5),(191,7,5),(192,6,5),(193,5,5),(194,27,5),(195,28,5),(196,29,5),(197,30,5),(198,26,5),(199,25,5),(200,16,5),(201,22,5),(202,9,5),(203,10,5),(204,14,5),(205,17,5),(206,32,5),(208,7,8),(209,6,8),(210,5,8),(211,19,8),(212,18,8),(213,12,8),(214,20,8),(216,11,8),(217,8,8),(218,15,8),(219,13,8),(220,23,8),(221,24,8),(222,33,5),(223,14,8),(224,10,8),(225,9,8),(226,17,8),(227,25,8),(228,16,8),(229,27,8),(230,28,8),(231,29,8),(232,33,8),(233,25,17),(235,23,17),(237,12,22),(238,32,22),(239,32,21),(240,34,22),(241,33,22),(242,30,22),(243,26,22),(244,27,22),(245,28,22),(246,29,22),(247,22,22),(248,23,22),(249,24,22),(250,25,22),(251,12,3);
/*!40000 ALTER TABLE `board_like` ENABLE KEYS */;
UNLOCK TABLES;

--
-- Table structure for table `product_buy_tbl`
--

DROP TABLE IF EXISTS `product_buy_tbl`;
/*!40101 SET @saved_cs_client     = @@character_set_client */;
/*!50503 SET character_set_client = utf8mb4 */;
CREATE TABLE `product_buy_tbl` (
  `pbno` int NOT NULL AUTO_INCREMENT,
  `psno` int NOT NULL,
  `pno` int NOT NULL,
  `uno` int NOT NULL,
  `regdate` timestamp NOT NULL DEFAULT CURRENT_TIMESTAMP,
  PRIMARY KEY (`pbno`),
  KEY `product_buy_tbl_pno` (`pno`),
  KEY `product_buy_tbl_uno_idx` (`uno`),
  KEY `product_buy_tbl_psno` (`psno`),
  CONSTRAINT `product_buy_tbl_ibfk_1` FOREIGN KEY (`uno`) REFERENCES `user_tbl` (`uno`),
  CONSTRAINT `product_buy_tbl_pno` FOREIGN KEY (`pno`) REFERENCES `product_tbl` (`pno`),
  CONSTRAINT `product_buy_tbl_psno` FOREIGN KEY (`psno`) REFERENCES `product_sell_tbl` (`psno`)
) ENGINE=InnoDB AUTO_INCREMENT=89 DEFAULT CHARSET=utf8mb4 COLLATE=utf8mb4_0900_ai_ci;
/*!40101 SET character_set_client = @saved_cs_client */;

--
-- Dumping data for table `product_buy_tbl`
--

LOCK TABLES `product_buy_tbl` WRITE;
/*!40000 ALTER TABLE `product_buy_tbl` DISABLE KEYS */;
INSERT INTO `product_buy_tbl` VALUES (15,2,1,3,'2022-03-08 00:27:35'),(17,3,1,3,'2022-03-08 05:15:01'),(18,5,3,3,'2022-03-09 05:18:40'),(19,7,3,3,'2022-03-09 05:18:45'),(20,6,5,2,'2022-03-09 06:01:04'),(21,1,1,2,'2022-03-09 06:06:08'),(22,15,7,5,'2022-03-09 07:05:09'),(23,16,7,5,'2022-03-09 07:05:48'),(24,17,7,5,'2022-03-09 07:06:41'),(25,213,11,7,'2022-03-10 07:16:57'),(26,27,12,7,'2022-03-10 07:17:15'),(27,21,9,7,'2022-03-10 07:17:33'),(28,23,10,7,'2022-03-10 07:17:53'),(29,10,4,7,'2022-03-10 07:18:34'),(30,9,4,7,'2022-03-10 07:18:44'),(31,218,67,10,'2022-03-10 07:19:49'),(32,13,1,10,'2022-03-10 07:20:00'),(33,33,15,10,'2022-03-10 07:21:18'),(34,18,8,7,'2022-03-10 07:21:37'),(35,12,6,7,'2022-03-10 07:21:56'),(36,230,65,10,'2022-03-10 07:22:42'),(37,233,58,10,'2022-03-10 07:23:33'),(38,236,71,10,'2022-03-10 07:24:15'),(39,136,99,10,'2022-03-10 07:25:00'),(40,242,16,10,'2022-03-10 07:25:53'),(41,133,57,10,'2022-03-10 07:26:26'),(42,223,12,7,'2022-03-10 07:27:01'),(43,36,17,7,'2022-03-10 07:27:18'),(44,39,18,7,'2022-03-10 07:27:32'),(45,220,19,7,'2022-03-10 07:27:48'),(46,42,20,7,'2022-03-10 07:27:59'),(47,47,21,7,'2022-03-10 07:28:10'),(48,49,22,7,'2022-03-10 07:28:24'),(49,50,23,7,'2022-03-10 07:28:40'),(50,14,24,7,'2022-03-10 07:28:55'),(51,253,6,12,'2022-03-10 07:29:19'),(52,235,58,12,'2022-03-10 07:29:33'),(53,168,67,12,'2022-03-10 07:30:11'),(54,132,98,12,'2022-03-10 07:31:03'),(55,124,54,12,'2022-03-10 07:41:32'),(56,30,14,8,'2022-03-10 07:53:53'),(57,65,31,8,'2022-03-10 07:56:29'),(58,217,1,2,'2022-03-10 08:28:23'),(59,210,90,18,'2022-03-10 09:25:21'),(60,152,62,19,'2022-03-10 09:28:14'),(61,52,25,19,'2022-03-10 09:28:48'),(62,68,32,20,'2022-03-10 09:31:03'),(63,103,48,21,'2022-03-10 09:33:07'),(64,55,26,21,'2022-03-10 09:35:24'),(65,76,36,14,'2022-03-10 09:35:59'),(66,123,54,14,'2022-03-10 09:37:25'),(67,177,69,17,'2022-03-10 09:50:47'),(68,296,135,5,'2022-03-10 10:11:25'),(69,300,121,5,'2022-03-10 10:11:37'),(70,305,103,5,'2022-03-10 10:11:47'),(71,309,120,5,'2022-03-10 10:11:58'),(72,326,129,21,'2022-03-10 10:11:59'),(73,319,125,5,'2022-03-10 10:12:13'),(74,335,126,5,'2022-03-10 10:12:31'),(75,331,104,21,'2022-03-10 10:12:46'),(76,351,154,19,'2022-03-10 10:12:56'),(77,294,149,5,'2022-03-10 10:13:04'),(78,295,146,5,'2022-03-10 10:13:15'),(79,360,150,21,'2022-03-10 10:13:22'),(80,311,143,5,'2022-03-10 10:13:27'),(81,317,148,5,'2022-03-10 10:13:36'),(82,321,142,5,'2022-03-10 10:13:48'),(83,330,138,21,'2022-03-10 10:13:53'),(84,290,161,17,'2022-03-10 10:14:19'),(85,363,164,17,'2022-03-10 10:14:47'),(86,354,158,19,'2022-03-10 10:14:49'),(87,298,162,17,'2022-03-10 10:14:56'),(88,303,160,17,'2022-03-10 10:15:08');
/*!40000 ALTER TABLE `product_buy_tbl` ENABLE KEYS */;
UNLOCK TABLES;

--
-- Table structure for table `product_img_tbl`
--

DROP TABLE IF EXISTS `product_img_tbl`;
/*!40101 SET @saved_cs_client     = @@character_set_client */;
/*!50503 SET character_set_client = utf8mb4 */;
CREATE TABLE `product_img_tbl` (
  `pino` int NOT NULL AUTO_INCREMENT,
  `pno` int NOT NULL,
  `img_name` varchar(300) NOT NULL,
  PRIMARY KEY (`pino`),
  KEY `product_img_tbl_pno` (`pno`),
  CONSTRAINT `product_img_tbl_pno` FOREIGN KEY (`pno`) REFERENCES `product_tbl` (`pno`)
) ENGINE=InnoDB AUTO_INCREMENT=313 DEFAULT CHARSET=utf8mb4 COLLATE=utf8mb4_0900_ai_ci;
/*!40101 SET character_set_client = @saved_cs_client */;

--
-- Dumping data for table `product_img_tbl`
--

LOCK TABLES `product_img_tbl` WRITE;
/*!40000 ALTER TABLE `product_img_tbl` DISABLE KEYS */;
INSERT INTO `product_img_tbl` VALUES (1,1,'Jordan 1 x Travis Scott x Fragment Retro Low OG SP Military Blue_1.png'),(2,1,'Jordan 1 x Travis Scott x Fragment Retro Low OG SP Military Blue_2.png'),(3,1,'Jordan 1 x Travis Scott x Fragment Retro Low OG SP Military Blue_3.png'),(4,1,'Jordan 1 x Travis Scott x Fragment Retro Low OG SP Military Blue_4.png'),(5,2,'Jordan 1 Mid Light Smoke Grey Anthracite_1.png'),(6,2,'Jordan 1 Mid Light Smoke Grey Anthracite_2.png'),(7,2,'Jordan 1 Mid Light Smoke Grey Anthracite_3.png'),(8,3,'Jordan 3 Retro Seoul_1.png'),(9,4,'Nike x Sacai x Fragment LDWaffle Light Smoke Grey_1.png'),(10,4,'Nike x Sacai x Fragment LDWaffle Light Smoke Grey_2.png'),(11,4,'Nike x Sacai x Fragment LDWaffle Light Smoke Grey_3.png'),(12,5,'Nike x Sacai VaporWaffle Black White_1.png'),(13,5,'Nike x Sacai VaporWaffle Black White_2.png'),(14,5,'Nike x Sacai VaporWaffle Black White_3.png'),(15,6,'Jordan 1 x Fragment Retro High OG_1.png'),(16,7,'Nike Dunk Low Retro Black_1.png'),(17,7,'Nike Dunk Low Retro Black_2.png'),(18,7,'Nike Dunk Low Retro Black_3.png'),(19,8,'Nike x Kasina Dunk Low 80s Bus_1.png'),(20,8,'Nike x Kasina Dunk Low 80s Bus_2.png'),(21,8,'Nike x Kasina Dunk Low 80s Bus_3.png'),(22,8,'Nike x Kasina Dunk Low 80s Bus_4.png'),(23,9,'Nike x Tom Sachs Mars Yard Shoe 2.0 Space Camp_1.png'),(24,9,'Nike x Tom Sachs Mars Yard Shoe 2.0 Space Camp_2.png'),(25,9,'Nike x Tom Sachs Mars Yard Shoe 2.0 Space Camp_3.png'),(26,10,'Nike x Supreme Air Force 1 Low White_1.png'),(27,10,'Nike x Supreme Air Force 1 Low White_2.png'),(28,11,'Y-3 Yohji Star Black White_1.png'),(29,11,'Y-3 Yohji Star Black White_2.png'),(30,12,'Converse x Play Comme des Garcons Chuck 70 Ox Black_1.png'),(31,13,'Converse x Moncler x Fragment Chuck 70 Ox Fraylor III Black_1.png'),(32,13,'Converse x Moncler x Fragment Chuck 70 Ox Fraylor III Black_2.png'),(33,14,'Dr. Martens x Mastermind x BAPE 1461_1.png'),(34,14,'Dr. Martens x Mastermind x BAPE 1461_2.png'),(35,15,'Gucci Rhyton Leather Sneaker Logo_1.png'),(36,16,'New Balance 530 White_1.png'),(37,17,'Off-White Vulcanized Sneakers Low White Black 2018_1.png'),(38,18,'Adidas x BAPE Superstar 80s Green Camo_1.png'),(39,18,'Adidas x BAPE Superstar 80s Green Camo_2.png'),(40,19,'Adidas x BAPE Superstar 80s White Black_1.png'),(41,19,'Adidas x BAPE Superstar 80s White Black_2.png'),(42,19,'Adidas x BAPE Superstar 80s White Black_3.png'),(43,20,'Adidas x Prada Superstar Black_1.png'),(44,20,'Adidas x Prada Superstar Black_2.png'),(45,20,'Adidas x Prada Superstar Black_3.png'),(46,21,'Adidas x Sean Wotherspoon Superturf Adventure Jiminy Cricket_1.png'),(47,21,'Adidas x Sean Wotherspoon Superturf Adventure Jiminy Cricket_2.png'),(48,22,'Adidas Yeezy 450 Dark Slate_1.png'),(49,22,'Adidas Yeezy 450 Dark Slate_2.png'),(50,23,'Adidas Yeezy 500 Taupe Light_1.png'),(51,23,'Adidas Yeezy 500 Taupe Light_2.png'),(52,24,'Adidas Yeezy 700 V3 Arzareth_1.png'),(53,24,'Adidas Yeezy 700 V3 Arzareth_2.png'),(54,24,'Adidas Yeezy 700 V3 Arzareth_3.png'),(55,25,'Adidas Yeezy Boost 350 V2 Yecheil - Non-Reflective_1.png'),(56,25,'Adidas Yeezy Boost 350 V2 Yecheil - Non-Reflective_2.png'),(57,25,'Adidas Yeezy Boost 350 V2 Yecheil - Non-Reflective_3.png'),(58,26,'Adidas Yeezy Boost 350 V2 Zebra_1.png'),(59,26,'Adidas Yeezy Boost 350 V2 Zebra_2.png'),(60,26,'Adidas Yeezy Boost 350 V2 Zebra_3.png'),(61,26,'Adidas Yeezy Boost 350 V2 Zebra_4.png'),(62,27,'Adidas Yeezy Foam RNNR MX Sand Grey_1.png'),(63,27,'Adidas Yeezy Foam RNNR MX Sand Grey_2.png'),(64,28,'Adidas Yeezy QNTM Barium_1.png'),(65,28,'Adidas Yeezy QNTM Barium_2.png'),(66,28,'Adidas Yeezy QNTM Barium_3.png'),(67,29,'Nike x Stussy Windrunner Jacket Off Noir_1.jpg'),(68,29,'Nike x Stussy Windrunner Jacket Off Noir_2.jpg'),(69,30,'AMI de Coeur Oversize Intarsia Sweater Black - 21FW_1.jpg'),(70,30,'AMI de Coeur Oversize Intarsia Sweater Black - 21FW_2.jpg'),(71,31,'Balenciaga x Gucci The Hacker Project Cocoon Puffer Gilet Beige_1.png'),(72,31,'Balenciaga x Gucci The Hacker Project Cocoon Puffer Gilet Beige_2.png'),(73,32,'IAB Studio Hoodie Light Gray_1.png'),(74,32,'IAB Studio Hoodie Light Gray_2.png'),(75,33,'Nike NRG Solo Swoosh Satin Bomber Jacket Black Doll - Asia_1.jpg'),(76,34,'Nike x Stussy Water Shorts Off Noir_1.jpg'),(77,34,'Nike x Stussy Water Shorts Off Noir_2.jpg'),(78,35,'Stone Island 113WN T.CO+OLD Overshirt Black - 21FW_1.jpg'),(79,36,'Stone Island 63020 Crewneck Sweatshirt Black - 21FW_1.jpg'),(80,37,'Supreme x The North Face Bleached Denim Print Fleece Jacket Indigo - 21FW_1.png'),(81,37,'Supreme x The North Face Bleached Denim Print Fleece Jacket Indigo - 21FW_2.png'),(82,37,'Supreme x The North Face Bleached Denim Print Fleece Jacket Indigo - 21FW_3.png'),(83,38,'Supreme x The North Face Faux Fur Nuptse Jacket Black - 20FW_1.jpg'),(84,38,'Supreme x The North Face Faux Fur Nuptse Jacket Black - 20FW_2.jpg'),(85,38,'Supreme x The North Face Faux Fur Nuptse Jacket Black - 20FW_3.jpg'),(86,39,'Yeezy x Gap Round Jacket Black_1.png'),(87,40,'(W) Louis Vuitton Monogram Confidential Bandeau Black_1.png'),(88,40,'(W) Louis Vuitton Monogram Confidential Bandeau Black_2.png'),(89,41,'Ader Error Small Shopper Bag Blue_1.jpg'),(90,41,'Ader Error Small Shopper Bag Blue_2.jpg'),(91,42,'Burberry Icon Stripe Econyl Drawcord Pouch Archive Beige_1.jpg'),(92,42,'Burberry Icon Stripe Econyl Drawcord Pouch Archive Beige_2.jpg'),(93,43,'Chanel Classic Wallet On Chain Grained Calfskin & Silver Black_1.png'),(94,43,'Chanel Classic Wallet On Chain Grained Calfskin & Silver Black_2.png'),(95,43,'Chanel Classic Wallet On Chain Grained Calfskin & Silver Black_3.png'),(96,44,'Chanel Medium Classic Handbag Grained Calfskin & Silver Black_1.png'),(97,44,'Chanel Medium Classic Handbag Grained Calfskin & Silver Black_2.png'),(98,44,'Chanel Medium Classic Handbag Grained Calfskin & Silver Black_3.png'),(99,45,'Chanel Small Vanity With Chain Lambskin & Gold Black_1.png'),(100,45,'Chanel Small Vanity With Chain Lambskin & Gold Black_2.png'),(101,45,'Chanel Small Vanity With Chain Lambskin & Gold Black_3.png'),(102,46,'Dior Oblique Mitzah Scarf Navy Blue Silk Twill_1.png'),(103,46,'Dior Oblique Mitzah Scarf Navy Blue Silk Twill_2.png'),(104,47,'Dior Saddle Flap Card Holder Blue Dior Oblique Jacquard_1.jpg'),(105,47,'Dior Saddle Flap Card Holder Blue Dior Oblique Jacquard_2.jpg'),(106,48,'Dior Saddle Flap Card Holder Grey Dior Oblique Jacquard_1.png'),(107,48,'Dior Saddle Flap Card Holder Grey Dior Oblique Jacquard_2.png'),(108,49,'Lemaire Small Croissant Bag Soft Nappa Leather Dark Chocolate_1.jpg'),(109,49,'Lemaire Small Croissant Bag Soft Nappa Leather Dark Chocolate_2.jpg'),(110,50,'Louis Vuitton Alma BB Monogram_1.png'),(111,50,'Louis Vuitton Alma BB Monogram_2.png'),(112,50,'Louis Vuitton Alma BB Monogram_3.png'),(113,50,'Louis Vuitton Alma BB Monogram_4.png'),(114,51,'Louis Vuitton Petit Sac Plat Monogram_1.png'),(115,51,'Louis Vuitton Petit Sac Plat Monogram_2.png'),(116,51,'Louis Vuitton Petit Sac Plat Monogram_3.png'),(117,52,'Louis Vuitton Pocket Organizer Taurillon Monogram Bleu Rose_1.png'),(118,52,'Louis Vuitton Pocket Organizer Taurillon Monogram Bleu Rose_2.png'),(119,52,'Louis Vuitton Pocket Organizer Taurillon Monogram Bleu Rose_3.png'),(120,53,'Nike ACG 36 Backpack Medium Olive_1.png'),(121,53,'Nike ACG 36 Backpack Medium Olive_2.png'),(122,54,'Prada Re-Nylon Bucket Hat Black_1.jpg'),(123,54,'Prada Re-Nylon Bucket Hat Black_2.jpg'),(124,55,'Stussy x BAPE Trucker Cap Yellow_1.png'),(125,55,'Stussy x BAPE Trucker Cap Yellow_2.png'),(126,56,'Supreme x Tiffany & Co. Return to Tiffany Heart Tag Pendant - 21FW_1.jpg'),(127,57,'Jordan 1 Low Bred Toe_1.png'),(128,57,'Jordan 1 Low Bred Toe_2.png'),(129,58,'Jordan 1 Retro High OG Black Mocha_1.png'),(130,58,'Jordan 1 Retro High OG Black Mocha_2.png'),(131,58,'Jordan 1 Retro High OG Black Mocha_3.png'),(132,59,'Jordan 1 Retro High OG Patent Bred_1.png'),(133,59,'Jordan 1 Retro High OG Patent Bred_2.png'),(134,59,'Jordan 1 Retro High OG Patent Bred_3.png'),(135,60,'Jordan 3 Retro Cardinal Red_1.png'),(136,60,'Jordan 3 Retro Cardinal Red_2.png'),(137,61,'Nike Dunk Low Retro Championship Court Purple_1.png'),(138,61,'Nike Dunk Low Retro Championship Court Purple_2.png'),(139,61,'Nike Dunk Low Retro Championship Court Purple_3.png'),(140,62,'Nike Dunk Low Retro PRM Halloween_1.png'),(141,62,'Nike Dunk Low Retro PRM Halloween_2.png'),(142,62,'Nike Dunk Low Retro PRM Halloween_3.png'),(143,63,'Nike Dunk Low Retro Varsity Green_1.png'),(144,63,'Nike Dunk Low Retro Varsity Green_2.png'),(145,63,'Nike Dunk Low Retro Varsity Green_3.png'),(146,64,'Nike x Ambush Dunk High Black_1.png'),(147,64,'Nike x Ambush Dunk High Black_2.png'),(148,64,'Nike x Ambush Dunk High Black_3.png'),(149,65,'Nike x Ambush Dunk High Deep Royal Blue_1.png'),(150,65,'Nike x Ambush Dunk High Deep Royal Blue_2.png'),(151,65,'Nike x Ambush Dunk High Deep Royal Blue_3.png'),(152,66,'Nike x NBA Dunk Low Retro EMB Chicago_1.png'),(153,66,'Nike x NBA Dunk Low Retro EMB Chicago_2.png'),(154,66,'Nike x NBA Dunk Low Retro EMB Chicago_3.png'),(155,67,'Nike x Peaceminusone Air Force 1 Low Para-Noise 2.0_1.png'),(156,67,'Nike x Peaceminusone Air Force 1 Low Para-Noise 2.0_2.png'),(157,67,'Nike x Peaceminusone Air Force 1 Low Para-Noise 2.0_3.png'),(158,68,'Nike x Peaceminusone Kwondo1 White_1.png'),(159,68,'Nike x Peaceminusone Kwondo1 White_2.png'),(160,68,'Nike x Peaceminusone Kwondo1 White_3.png'),(161,68,'Nike x Peaceminusone Kwondo1 White_4.png'),(162,68,'Nike x Peaceminusone Kwondo1 White_5.png'),(163,69,'Nike x Sacai VaporWaffle Royal Fuchsia_1.png'),(164,69,'Nike x Sacai VaporWaffle Royal Fuchsia_2.png'),(165,69,'Nike x Sacai VaporWaffle Royal Fuchsia_3.png'),(166,69,'Nike x Sacai VaporWaffle Royal Fuchsia_4.png'),(167,70,'Nike x Sacai VaporWaffle Tour Yellow & Gorge Green Sail_1.png'),(168,70,'Nike x Sacai VaporWaffle Tour Yellow & Gorge Green Sail_2.png'),(169,70,'Nike x Sacai VaporWaffle Tour Yellow & Gorge Green Sail_3.png'),(170,71,'Nike x Supreme Air Force 1 Low Black_1.png'),(171,71,'Nike x Supreme Air Force 1 Low Black_2.png'),(172,72,'CDG Back Pack Black_1.png'),(173,73,'CDG Crewneck Sweatshirt Black_1.png'),(174,73,'CDG Crewneck Sweatshirt Black_2.png'),(175,74,'CDG Crewneck Sweatshirt Grey_1.png'),(176,74,'CDG Crewneck Sweatshirt Grey_2.png'),(177,75,'CDG Crewneck Sweatshirt Navy_1.png'),(178,75,'CDG Crewneck Sweatshirt Navy_2.png'),(179,76,'CDG Crewneck Sweatshirt White_1.png'),(180,76,'CDG Crewneck Sweatshirt White_2.png'),(181,77,'CDG Hooded Sweatshirt Black_1.png'),(182,78,'CDG Hooded Sweatshirt Grey_1.png'),(183,79,'CDG Logo T-Shirt White_1.png'),(184,80,'CDG Shoulder Bag Black_1.png'),(185,81,'CDG Varsity Jacket Navy_1.png'),(186,81,'CDG Varsity Jacket Navy_2.png'),(187,82,'CDG x Alpha Industries Bias MA-1 Jacket Black_1.png'),(188,82,'CDG x Alpha Industries Bias MA-1 Jacket Black_2.png'),(189,82,'CDG x Alpha Industries Bias MA-1 Jacket Black_3.png'),(190,83,'CDG x Alpha Industries Bias MA-1 Jacket Olive_1.png'),(191,83,'CDG x Alpha Industries Bias MA-1 Jacket Olive_2.png'),(192,83,'CDG x Alpha Industries Bias MA-1 Jacket Olive_3.png'),(193,84,'CDG x Alpha Industries Liner Jacket Olive_1.png'),(194,84,'CDG x Alpha Industries Liner Jacket Olive_2.png'),(195,85,'CDG x Cactus Plant Flea Market Im Okay T-Shirt 1 White_1.png'),(196,86,'CDG x Stussy Black Market Hooded Sweatshirt Black_1.png'),(197,87,'CDG x Stussy Black Market T-Shirt Black_1.png'),(198,88,'CDG x Stussy Coach Jacket Black_1.png'),(199,88,'CDG x Stussy Coach Jacket Black_2.png'),(200,89,'CDG x Stussy Hoodie Grey_1.png'),(201,89,'CDG x Stussy Hoodie Grey_2.png'),(202,90,'CDG x Stussy T-Shirt Black_1.png'),(203,90,'CDG x Stussy T-Shirt Black_2.png'),(204,91,'CDG x Stussy T-Shirt White_1.png'),(205,91,'CDG x Stussy T-Shirt White_2.png'),(206,92,'Maison Margiela Calfskin Replica Sneaker White_1.png'),(207,92,'Maison Margiela Calfskin Replica Sneaker White_2.png'),(208,93,'Maison Margiela Calfskin Replica Sneakers_1.png'),(209,93,'Maison Margiela Calfskin Replica Sneakers_2.png'),(210,94,'Maison Margiela Fold-Over Phone Case Black_1.png'),(211,94,'Maison Margiela Fold-Over Phone Case Black_2.png'),(212,95,'Maison Margiela Grainy Smooth Leather Card Holder Black - 20SS_1.png'),(213,95,'Maison Margiela Grainy Smooth Leather Card Holder Black - 20SS_2.png'),(214,96,'Maison Margiela Leather Wallet Black_1.png'),(215,96,'Maison Margiela Leather Wallet Black_2.png'),(216,96,'Maison Margiela Leather Wallet Black_3.png'),(217,97,'Maison Margiela Replica Graffiti Sneakers White_1.png'),(218,98,'Maison Margiela Replica Paint Drop Sneakers Black_1.png'),(219,98,'Maison Margiela Replica Paint Drop Sneakers Black_2.png'),(220,99,'Maison Margiela Replica Paint Drop Sneakers_1.png'),(221,99,'Maison Margiela Replica Paint Drop Sneakers_2.png'),(222,99,'Maison Margiela Replica Paint Drop Sneakers_3.png'),(223,100,'Maison Margiela Tabi High Black_1.png'),(224,100,'Maison Margiela Tabi High Black_2.png'),(225,101,'Maison Margiela Tabi Low Black_1.png'),(226,101,'Maison Margiela Tabi Low Black_2.png'),(227,102,'Maison Margiela Vandal Tabi Low White Black Paint_1.png'),(228,103,'(W) Balenciaga Political Campaign Medium Fit Hoodie Black_1.png'),(229,104,'(W) Balenciaga Speed Trainer Black White 2021_1.png'),(230,105,'(W) Balenciaga Symbolic Logo Hoodie Heather Grey_1.png'),(255,105,'(W) Balenciaga Symbolic Logo Hoodie Heather Grey_2.png'),(256,120,'(W) Balenciaga x Gucci The Hacker Project BB Puffer Black_1.png'),(257,120,'(W) Balenciaga x Gucci The Hacker Project BB Puffer Black_2.png'),(258,121,'Balenciaga Allover Logo Crewneck Knit Light Brown Black_1.png'),(259,122,'Balenciaga BB Circle Logo Patch Crewneck Knit Red_1.png'),(260,123,'Balenciaga Political Campaign Destroyed Cap Black_1.png'),(261,123,'Balenciaga Political Campaign Destroyed Cap Black_2.png'),(262,124,'Balenciaga Political Campaign Medium Fit Hoodie Yellow_1.png'),(263,124,'Balenciaga Political Campaign Medium Fit Hoodie Yellow_2.png'),(264,125,'Balenciaga Quest Medium Fit Hoodie Black_1.png'),(265,125,'Balenciaga Quest Medium Fit Hoodie Black_2.png'),(266,126,'Balenciaga Runner Sneakers Grey Burgundy_1.png'),(267,127,'Balenciaga Speed Trainer Black 2019_1.png'),(268,128,'Balenciaga Strap Zipped Card Holder Black_1.png'),(269,128,'Balenciaga Strap Zipped Card Holder Black_2.png'),(270,129,'Balenciaga Triple S Black Clear Sole 2019_1.png'),(271,132,'Balenciaga Triple S Grey Red Blue 2018 Reissue_1.png'),(272,133,'Balenciaga Trooper Rubber Boot Black_1.png'),(274,135,'Balenciaga Year of the Tiger Allover Logo Beanie Black_1.png'),(275,136,'Balenciaga Year of the Tiger Cap White_1.png'),(276,136,'Balenciaga Year of the Tiger Cap White_2.png'),(277,136,'Balenciaga Year of the Tiger Cap White_3.png'),(278,137,'Gucci x Balenciaga The Hacker Project Medium Jackie 1961 Bag Black_1.png'),(279,137,'Gucci x Balenciaga The Hacker Project Medium Jackie 1961 Bag Black_2.png'),(280,138,'AMI de Coeur Mariniere Black_1.jpg'),(281,139,'AMI de Coeur Oversize Cardigan Black - 21FW_1.jpg'),(282,140,'AMI de Coeur Oversize Intarsia Funnel Neck Sweater Black_1.jpg'),(283,141,'AMI de Coeur Oversize Intarsia Sweater Beige - 21FW_1.jpg'),(284,142,'AMI de Coeur Oversize Intarsia Sweater Green - 21FW_1.jpg'),(285,143,'AMI de Coeur Oversize Intarsia Sweater Heather Grey - 21FW_1.jpg'),(286,144,'AMI de Coeur Oversize Intarsia Sweater Royal Blue - 21FW_1.jpg'),(287,145,'AMI de Coeur Oversize Intarsia Sweater Steel Blue_1.jpg'),(288,146,'AMI de Coeur Oversize Intarsia Sweater White - 21FW_1.jpg'),(289,147,'AMI de Coeur Oversize Sweater Black - 21FW_1.jpg'),(290,148,'AMI de Coeur Oversize Sweater Green Aqua_1.jpg'),(291,149,'AMI de Coeur Striped Oversize Sweater Black White_1.jpg'),(292,150,'Ami De Coeur Striped Polo Shirt Black White_1.jpg'),(293,151,'Stone Island 30203 Cargo Pants 5 Pockets Black - 21SS_1.png'),(294,152,'Stone Island 31414 Cargo Pants Black - 20FW_1.jpg'),(295,153,'Stone Island 40223 Garment Dyed Crinkle Reps Down Jacket Light Grey - 21FW_1.jpg'),(296,154,'Stone Island 44508 Nylon Metal Down-TC Jacket Dark Grey - 21FW_1.png'),(297,155,'Stone Island 44508 Nylon Metal Down-TC Jacket Light Grey - 21FW_1.png'),(298,156,'Stone Island 63020 Crewneck Sweatshirt Melange Grey - 21FW_1.png'),(299,157,'Stone Island 64120 Cotton Fleece Hooded Sweatshirt Black - 21FW_1.png'),(300,157,'Stone Island 64120 Cotton Fleece Hooded Sweatshirt Black - 21FW_2.png'),(301,158,'Stone Island 64450 Long Sleeve Crewneck Sweatshirt Black - 21SS_1.jpg'),(302,158,'Stone Island 64450 Long Sleeve Crewneck Sweatshirt Black - 21SS_2.jpg'),(303,159,'Stone Island B0943 Nylon Metal Swimming Trunk Light Grey - 21FW_1.png'),(304,159,'Stone Island B0943 Nylon Metal Swimming Trunk Light Grey - 21FW_2.png'),(305,160,'Thom Browne Engineered 4-Bar Sweatshirt Light Grey_1.png'),(306,161,'Thom Browne Engineered 4-Bar Zip Hoodie Navy_1.jpg'),(307,162,'Thom Browne Milano Stitch 4-Bar Cardigan Navy_1.png'),(308,163,'Thom Browne Milano Stitch Arm Band Cardigan Navy_1.png'),(309,164,'Thom Browne Shetland 4-Bar Classic Cardigan Dark Green_1.jpg'),(310,165,'Thom Browne Shetland 4-Bar Classic Cardigan Dark Grey_1.jpg'),(311,166,'Thom Browne Solid Flannel 4-Bar Straight Fit Shirt Light Grey_1.png'),(312,166,'Thom Browne Solid Flannel 4-Bar Straight Fit Shirt Light Grey_2.png');
/*!40000 ALTER TABLE `product_img_tbl` ENABLE KEYS */;
UNLOCK TABLES;

--
-- Table structure for table `product_sell_tbl`
--

DROP TABLE IF EXISTS `product_sell_tbl`;
/*!40101 SET @saved_cs_client     = @@character_set_client */;
/*!50503 SET character_set_client = utf8mb4 */;
CREATE TABLE `product_sell_tbl` (
  `psno` int NOT NULL AUTO_INCREMENT,
  `pno` int NOT NULL,
  `uno` int NOT NULL,
  `sell_price` int NOT NULL,
  `size` varchar(30) NOT NULL DEFAULT 'ONE SIZE',
  `sell_success` char(1) NOT NULL DEFAULT 'N',
  `regdate` timestamp NOT NULL DEFAULT CURRENT_TIMESTAMP,
  PRIMARY KEY (`psno`),
  KEY `product_sell_tbl_pno` (`pno`),
  KEY `product_sell_tbl_uno` (`uno`),
  CONSTRAINT `product_sell_tbl_pno` FOREIGN KEY (`pno`) REFERENCES `product_tbl` (`pno`),
  CONSTRAINT `product_sell_tbl_uno` FOREIGN KEY (`uno`) REFERENCES `user_tbl` (`uno`)
) ENGINE=InnoDB AUTO_INCREMENT=364 DEFAULT CHARSET=utf8mb4 COLLATE=utf8mb4_0900_ai_ci;
/*!40101 SET character_set_client = @saved_cs_client */;

--
-- Dumping data for table `product_sell_tbl`
--

LOCK TABLES `product_sell_tbl` WRITE;
/*!40000 ALTER TABLE `product_sell_tbl` DISABLE KEYS */;
INSERT INTO `product_sell_tbl` VALUES (1,1,2,2200000,'280','Y','2022-03-08 00:26:42'),(2,1,2,2300000,'265','Y','2022-03-08 00:26:55'),(3,1,2,2000000,'235','Y','2022-03-08 00:27:05'),(4,2,2,710000,'280','N','2022-03-08 09:32:10'),(5,3,2,310000,'280','Y','2022-03-08 09:32:22'),(6,5,2,790000,'265','Y','2022-03-08 09:32:33'),(7,3,2,400000,'280','Y','2022-03-09 05:14:46'),(8,3,2,340000,'250','N','2022-03-09 06:00:52'),(9,4,2,500000,'265','Y','2022-03-09 06:08:22'),(10,4,5,150000,'250','Y','2022-03-09 06:16:04'),(11,5,5,700000,'255','N','2022-03-09 06:17:28'),(12,6,5,210000,'265','Y','2022-03-09 06:17:57'),(13,1,5,2300000,'270','Y','2022-03-09 06:21:08'),(14,24,5,610000,'265','Y','2022-03-09 06:49:22'),(15,7,5,350000,'265','Y','2022-03-09 06:52:21'),(16,7,5,300000,'260','Y','2022-03-09 06:52:46'),(17,7,5,290000,'285','Y','2022-03-09 06:53:43'),(18,8,5,1670000,'260','Y','2022-03-09 06:54:12'),(19,8,5,1700000,'270','N','2022-03-09 06:54:24'),(20,7,5,350000,'260','N','2022-03-09 07:21:25'),(21,9,5,8000000,'260','Y','2022-03-09 07:22:19'),(22,9,5,8900000,'255','N','2022-03-09 07:22:32'),(23,10,5,580000,'260','Y','2022-03-09 07:23:06'),(24,10,5,400000,'285','N','2022-03-09 07:23:20'),(25,11,5,640000,'250','N','2022-03-09 07:24:09'),(26,12,5,230000,'270','N','2022-03-09 07:24:37'),(27,12,5,235000,'260','Y','2022-03-09 07:24:47'),(28,13,5,280000,'260','N','2022-03-09 07:25:24'),(29,13,5,250000,'250','N','2022-03-09 07:25:33'),(30,14,5,270000,'265','Y','2022-03-09 07:26:03'),(31,14,5,280000,'240','N','2022-03-09 07:26:13'),(32,15,5,1000000,'270','N','2022-03-09 07:26:42'),(33,15,5,950000,'245','Y','2022-03-09 07:26:49'),(34,16,5,120000,'280','N','2022-03-09 07:27:15'),(35,16,5,130000,'270','N','2022-03-09 07:27:25'),(36,17,5,300000,'260','Y','2022-03-09 07:27:49'),(37,17,5,280000,'270','N','2022-03-09 07:27:58'),(38,18,5,300000,'260','N','2022-03-09 07:28:18'),(39,18,5,315000,'250','Y','2022-03-09 07:28:25'),(40,19,5,250000,'270','N','2022-03-09 07:28:49'),(41,19,5,245000,'230','N','2022-03-09 07:28:58'),(42,20,5,500000,'280','Y','2022-03-09 07:29:19'),(43,20,5,510000,'260','N','2022-03-09 07:29:30'),(44,20,5,510000,'260','N','2022-03-09 07:29:40'),(45,20,5,490000,'240','N','2022-03-09 07:29:59'),(46,21,7,140000,'270','N','2022-03-09 07:31:50'),(47,21,7,142000,'245','Y','2022-03-09 07:31:58'),(48,22,7,350000,'270','N','2022-03-09 07:32:17'),(49,22,7,349000,'250','Y','2022-03-09 07:32:26'),(50,23,7,300000,'290','Y','2022-03-09 07:32:48'),(51,23,7,340000,'250','N','2022-03-09 07:32:55'),(52,25,7,320000,'270','Y','2022-03-09 07:33:54'),(53,25,7,300000,'235','N','2022-03-09 07:34:01'),(54,26,7,564000,'260','N','2022-03-09 07:34:22'),(55,26,7,550000,'280','Y','2022-03-09 07:34:28'),(56,26,7,560000,'250','N','2022-03-09 07:34:36'),(57,27,7,310000,'260','N','2022-03-09 07:34:59'),(58,27,7,325000,'270','N','2022-03-09 07:35:05'),(59,28,7,280000,'280','N','2022-03-09 07:35:24'),(60,28,7,292000,'260','N','2022-03-09 07:35:30'),(61,29,7,680000,'L','N','2022-03-09 07:36:09'),(62,29,7,700000,'XL','N','2022-03-09 07:36:24'),(63,30,7,510000,'XL','N','2022-03-09 07:36:47'),(64,30,7,480000,'XS','N','2022-03-09 07:36:53'),(65,31,7,3400000,'S','Y','2022-03-09 07:37:12'),(66,31,7,3350000,'L','N','2022-03-09 07:37:21'),(67,32,7,400000,'XXL','N','2022-03-09 07:37:47'),(68,32,7,385000,'L','Y','2022-03-09 07:37:56'),(69,33,7,321000,'XL','N','2022-03-09 07:38:17'),(70,33,7,300000,'XS','N','2022-03-09 07:38:22'),(71,34,7,380000,'L','N','2022-03-09 07:58:00'),(72,34,7,360000,'M','N','2022-03-09 07:58:07'),(73,35,7,686000,'XL','N','2022-03-09 07:59:36'),(74,35,7,680000,'S','N','2022-03-09 07:59:42'),(75,36,7,340000,'XXL','N','2022-03-09 08:00:03'),(76,36,7,354000,'L','Y','2022-03-09 08:00:09'),(77,37,7,465000,'M','N','2022-03-09 08:00:34'),(78,37,7,465000,'L','N','2022-03-09 08:01:20'),(79,37,7,440000,'XXL','N','2022-03-09 08:01:30'),(80,38,7,400000,'L','N','2022-03-09 08:01:48'),(81,38,7,390000,'S','N','2022-03-09 08:02:11'),(82,39,7,300000,'XL','N','2022-03-09 08:05:34'),(83,39,7,315000,'S','N','2022-03-09 08:05:40'),(84,39,7,320000,'L','N','2022-03-09 08:05:55'),(85,40,5,310000,'ONE SIZE','N','2022-03-10 06:50:13'),(86,40,5,300000,'ONE SIZE','N','2022-03-10 06:50:24'),(87,41,5,250000,'ONE SIZE','N','2022-03-10 06:50:51'),(88,42,5,452000,'ONE SIZE','N','2022-03-10 06:51:10'),(89,42,5,451000,'ONE SIZE','N','2022-03-10 06:51:21'),(90,41,5,240000,'ONE SIZE','N','2022-03-10 06:51:33'),(91,43,5,4100000,'ONE SIZE','N','2022-03-10 06:51:51'),(92,43,5,4000000,'ONE SIZE','N','2022-03-10 06:51:58'),(93,45,5,3560000,'ONE SIZE','N','2022-03-10 06:52:35'),(94,45,5,3540000,'ONE SIZE','N','2022-03-10 06:52:43'),(95,44,5,11400000,'ONE SIZE','N','2022-03-10 06:54:08'),(96,44,5,11000000,'ONE SIZE','N','2022-03-10 06:54:15'),(97,46,5,298000,'ONE SIZE','N','2022-03-10 06:55:10'),(98,46,5,300000,'ONE SIZE','N','2022-03-10 06:55:16'),(99,92,8,383000,'260','N','2022-03-10 06:55:30'),(100,47,5,605000,'ONE SIZE','N','2022-03-10 06:55:39'),(101,47,5,610000,'ONE SIZE','N','2022-03-10 06:55:49'),(102,92,8,400000,'235','N','2022-03-10 06:56:20'),(103,48,5,600000,'ONE SIZE','Y','2022-03-10 06:56:21'),(104,48,5,630000,'ONE SIZE','N','2022-03-10 06:56:29'),(105,49,5,1100000,'ONE SIZE','N','2022-03-10 06:56:47'),(106,93,8,400000,'240','N','2022-03-10 06:56:47'),(107,49,5,1150000,'ONE SIZE','N','2022-03-10 06:56:53'),(108,93,8,438000,'260','N','2022-03-10 06:56:58'),(109,50,5,2014000,'ONE SIZE','N','2022-03-10 06:57:12'),(110,94,8,270000,'ONE SIZE','N','2022-03-10 06:57:19'),(111,50,5,2100000,'ONE SIZE','N','2022-03-10 06:57:19'),(112,94,8,275000,'ONE SIZE','N','2022-03-10 06:57:28'),(113,51,5,1764000,'ONE SIZE','N','2022-03-10 06:58:12'),(114,51,5,1780000,'ONE SIZE','N','2022-03-10 06:58:19'),(115,95,8,259000,'ONE SIZE','N','2022-03-10 06:58:32'),(116,52,5,686000,'ONE SIZE','N','2022-03-10 06:58:36'),(117,95,8,265000,'ONE SIZE','N','2022-03-10 06:58:39'),(118,52,5,690000,'ONE SIZE','N','2022-03-10 06:58:41'),(119,53,5,360000,'ONE SIZE','N','2022-03-10 06:58:57'),(120,53,5,365000,'ONE SIZE','N','2022-03-10 06:59:03'),(121,96,8,400000,'ONE SIZE','N','2022-03-10 06:59:10'),(122,96,8,410000,'ONE SIZE','N','2022-03-10 06:59:16'),(123,54,5,563000,'ONE SIZE','Y','2022-03-10 06:59:23'),(124,54,5,562000,'ONE SIZE','Y','2022-03-10 06:59:29'),(125,97,8,335000,'255','N','2022-03-10 06:59:40'),(126,55,5,212000,'ONE SIZE','N','2022-03-10 06:59:43'),(127,97,8,360000,'260','N','2022-03-10 06:59:47'),(128,55,5,213000,'ONE SIZE','N','2022-03-10 06:59:49'),(129,56,5,1200000,'ONE SIZE','N','2022-03-10 07:00:09'),(130,56,5,1250000,'ONE SIZE','N','2022-03-10 07:00:16'),(131,98,8,320000,'265','N','2022-03-10 07:00:23'),(132,98,8,300000,'250','Y','2022-03-10 07:00:28'),(133,57,5,210000,'260','Y','2022-03-10 07:00:39'),(134,57,5,211000,'270','N','2022-03-10 07:00:45'),(135,99,8,470000,'270','N','2022-03-10 07:00:56'),(136,99,8,400000,'255','Y','2022-03-10 07:01:04'),(137,58,5,752000,'280','N','2022-03-10 07:01:05'),(138,58,5,740000,'255','N','2022-03-10 07:01:13'),(139,59,5,339000,'285','N','2022-03-10 07:01:30'),(140,59,5,345000,'250','N','2022-03-10 07:01:37'),(141,100,8,330000,'280','N','2022-03-10 07:01:37'),(142,100,8,345000,'245','N','2022-03-10 07:01:44'),(143,60,5,250000,'270','N','2022-03-10 07:01:55'),(144,60,5,260000,'260','N','2022-03-10 07:02:01'),(145,101,8,385000,'270','N','2022-03-10 07:02:02'),(146,101,8,365000,'235','N','2022-03-10 07:02:09'),(147,61,5,298000,'260','N','2022-03-10 07:02:22'),(148,61,5,300000,'250','N','2022-03-10 07:02:28'),(149,102,8,220000,'265','N','2022-03-10 07:02:39'),(150,102,8,235000,'270','N','2022-03-10 07:02:48'),(151,62,5,460000,'290','N','2022-03-10 07:02:48'),(152,62,5,500000,'260','Y','2022-03-10 07:02:54'),(153,63,5,610000,'280','N','2022-03-10 07:03:12'),(154,63,5,600000,'250','N','2022-03-10 07:03:18'),(155,64,5,821000,'285','N','2022-03-10 07:03:33'),(156,64,5,830000,'260','N','2022-03-10 07:03:38'),(157,72,8,200000,'ONE SIZE','N','2022-03-10 07:03:49'),(158,65,5,593000,'265','N','2022-03-10 07:03:55'),(159,72,8,195000,'ONE SIZE','N','2022-03-10 07:03:57'),(160,65,5,600000,'270','N','2022-03-10 07:04:00'),(161,66,5,288000,'270','N','2022-03-10 07:04:16'),(162,73,8,168000,'M','N','2022-03-10 07:04:17'),(163,73,8,175000,'L','N','2022-03-10 07:04:22'),(164,66,5,280000,'285','N','2022-03-10 07:04:23'),(165,74,8,168000,'M','N','2022-03-10 07:04:37'),(166,67,5,850000,'250','N','2022-03-10 07:04:40'),(167,74,8,175000,'L','N','2022-03-10 07:04:42'),(168,67,5,900000,'270','Y','2022-03-10 07:04:46'),(169,75,8,168000,'M','N','2022-03-10 07:04:49'),(170,75,8,175000,'L','N','2022-03-10 07:04:55'),(171,68,5,550000,'250','N','2022-03-10 07:05:03'),(172,76,8,168000,'M','N','2022-03-10 07:05:04'),(173,68,5,560000,'270','N','2022-03-10 07:05:09'),(174,76,8,175000,'L','N','2022-03-10 07:05:10'),(175,77,8,210000,'L','N','2022-03-10 07:05:26'),(176,77,8,200000,'M','N','2022-03-10 07:05:31'),(177,69,5,1420000,'265','Y','2022-03-10 07:05:34'),(178,69,5,1480000,'240','N','2022-03-10 07:05:41'),(179,78,8,198000,'M','N','2022-03-10 07:05:45'),(180,78,8,210000,'L','N','2022-03-10 07:05:53'),(181,70,5,814000,'250','N','2022-03-10 07:06:05'),(182,79,8,90000,'L','N','2022-03-10 07:06:08'),(183,70,5,800000,'280','N','2022-03-10 07:06:11'),(184,79,8,88000,'M','N','2022-03-10 07:06:12'),(185,71,5,370000,'265','N','2022-03-10 07:06:28'),(186,80,8,260000,'ONE SIZE','N','2022-03-10 07:06:29'),(187,80,8,250000,'ONE SIZE','N','2022-03-10 07:06:33'),(188,71,5,350000,'230','N','2022-03-10 07:06:35'),(189,81,8,239000,'L','N','2022-03-10 07:06:48'),(190,81,8,219000,'M','N','2022-03-10 07:06:53'),(191,82,8,550000,'L','N','2022-03-10 07:07:19'),(192,82,8,460000,'M','N','2022-03-10 07:07:25'),(193,83,8,460000,'M','N','2022-03-10 07:07:33'),(194,82,5,460000,'XL','N','2022-03-10 07:07:34'),(195,82,5,440000,'S','N','2022-03-10 07:07:39'),(196,83,8,520000,'L','N','2022-03-10 07:07:40'),(197,84,8,310000,'L','N','2022-03-10 07:08:01'),(198,84,8,305000,'XL','N','2022-03-10 07:08:06'),(199,85,8,129000,'L','N','2022-03-10 07:08:28'),(200,85,8,130000,'S','N','2022-03-10 07:08:35'),(201,86,8,355000,'L','N','2022-03-10 07:08:53'),(202,86,8,345000,'S','N','2022-03-10 07:08:59'),(203,87,8,255000,'M','N','2022-03-10 07:09:12'),(204,87,8,270000,'L','N','2022-03-10 07:09:18'),(205,88,8,362000,'L','N','2022-03-10 07:09:38'),(206,88,8,342000,'M','N','2022-03-10 07:09:43'),(207,89,8,266000,'XL','N','2022-03-10 07:10:03'),(208,89,8,254000,'L','N','2022-03-10 07:10:09'),(209,90,8,125000,'XL','N','2022-03-10 07:10:24'),(210,90,8,120000,'M','Y','2022-03-10 07:10:30'),(211,91,8,145000,'L','N','2022-03-10 07:10:49'),(212,91,8,115000,'M','N','2022-03-10 07:10:54'),(213,11,7,630000,'260','Y','2022-03-10 07:16:52'),(214,9,7,8500000,'260','N','2022-03-10 07:17:41'),(215,30,10,530000,'L','N','2022-03-10 07:18:27'),(216,30,10,480000,'S','N','2022-03-10 07:18:34'),(217,1,10,2330000,'245','Y','2022-03-10 07:18:46'),(218,67,10,930000,'260','Y','2022-03-10 07:19:39'),(219,1,10,2300000,'270','N','2022-03-10 07:20:05'),(220,19,10,270000,'260','Y','2022-03-10 07:20:30'),(221,19,10,220000,'280','N','2022-03-10 07:20:35'),(222,12,10,228000,'265','N','2022-03-10 07:20:48'),(223,12,10,240000,'260','Y','2022-03-10 07:20:59'),(224,12,10,225000,'240','N','2022-03-10 07:21:05'),(225,15,10,970000,'245','N','2022-03-10 07:21:22'),(226,15,10,960000,'255','N','2022-03-10 07:21:29'),(227,15,10,950000,'275','N','2022-03-10 07:21:35'),(228,9,10,8100000,'270','N','2022-03-10 07:22:00'),(229,65,10,610000,'260','N','2022-03-10 07:22:22'),(230,65,10,590000,'245','Y','2022-03-10 07:22:30'),(231,65,10,590000,'280','N','2022-03-10 07:22:37'),(232,58,10,750000,'260','N','2022-03-10 07:23:16'),(233,58,10,740000,'260','Y','2022-03-10 07:23:29'),(234,58,10,750000,'265','N','2022-03-10 07:23:41'),(235,58,10,720000,'245','Y','2022-03-10 07:23:46'),(236,71,10,338000,'260','Y','2022-03-10 07:24:07'),(237,71,10,350000,'260','N','2022-03-10 07:24:20'),(238,71,10,340000,'250','N','2022-03-10 07:24:24'),(239,99,10,420000,'260','N','2022-03-10 07:25:06'),(240,99,10,410000,'255','N','2022-03-10 07:25:12'),(241,99,10,430000,'265','N','2022-03-10 07:25:17'),(242,16,10,115000,'260','Y','2022-03-10 07:25:46'),(243,16,10,120000,'260','N','2022-03-10 07:25:57'),(244,57,10,230000,'265','N','2022-03-10 07:26:19'),(245,57,10,220000,'260','N','2022-03-10 07:26:33'),(246,17,7,300000,'260','N','2022-03-10 07:27:24'),(247,18,7,320000,'250','N','2022-03-10 07:27:40'),(248,21,7,142000,'245','N','2022-03-10 07:28:16'),(249,22,7,349000,'250','N','2022-03-10 07:28:30'),(250,23,7,310000,'290','N','2022-03-10 07:28:46'),(251,24,7,610000,'265','N','2022-03-10 07:29:02'),(252,6,12,320000,'260','N','2022-03-10 07:29:02'),(253,6,12,265000,'255','Y','2022-03-10 07:29:08'),(254,6,12,270000,'270','N','2022-03-10 07:29:15'),(255,58,12,730000,'280','N','2022-03-10 07:29:39'),(256,24,7,600000,'260','N','2022-03-10 07:29:42'),(257,58,12,735000,'275','N','2022-03-10 07:29:45'),(258,67,12,930000,'260','N','2022-03-10 07:30:15'),(259,67,12,920000,'280','N','2022-03-10 07:30:21'),(260,98,12,270000,'255','N','2022-03-10 07:31:11'),(261,98,12,280000,'275','N','2022-03-10 07:31:16'),(262,14,8,275000,'260','N','2022-03-10 07:54:19'),(263,14,8,260000,'280','N','2022-03-10 07:54:24'),(264,14,8,255000,'255','N','2022-03-10 07:54:30'),(265,31,18,3180000,'S','N','2022-03-10 09:25:02'),(266,90,18,125000,'M','N','2022-03-10 09:25:28'),(267,90,18,119000,'S','N','2022-03-10 09:25:33'),(268,62,19,480000,'255','N','2022-03-10 09:28:22'),(269,62,19,510000,'280','N','2022-03-10 09:28:29'),(270,25,19,330000,'265','N','2022-03-10 09:28:54'),(271,25,19,320000,'275','N','2022-03-10 09:29:00'),(272,50,20,2050000,'ONE SIZE','N','2022-03-10 09:30:22'),(273,52,20,670000,'ONE SIZE','N','2022-03-10 09:30:33'),(274,17,20,295000,'250','N','2022-03-10 09:30:52'),(275,32,20,390000,'XL','N','2022-03-10 09:31:10'),(276,48,21,620000,'ONE SIZE','N','2022-03-10 09:33:15'),(277,37,21,480000,'XL','N','2022-03-10 09:33:37'),(278,100,21,310000,'265','N','2022-03-10 09:34:06'),(279,26,21,560000,'270','N','2022-03-10 09:35:31'),(280,26,21,570000,'275','N','2022-03-10 09:35:36'),(281,36,14,330000,'XL','N','2022-03-10 09:36:06'),(282,36,14,350000,'M','N','2022-03-10 09:36:16'),(283,54,14,550000,'ONE SIZE','N','2022-03-10 09:37:30'),(284,4,17,520000,'250','N','2022-03-10 09:49:49'),(285,6,17,310000,'280','N','2022-03-10 09:50:07'),(286,63,17,590000,'255','N','2022-03-10 09:50:34'),(287,69,17,1450000,'260','N','2022-03-10 09:50:53'),(288,13,17,265000,'255','N','2022-03-10 09:51:16'),(290,161,17,600000,'L','Y','2022-03-10 10:01:13'),(292,161,21,610000,'S','N','2022-03-10 10:02:14'),(293,149,21,370000,'L','N','2022-03-10 10:02:32'),(294,149,21,350000,'S','Y','2022-03-10 10:02:40'),(295,146,21,420000,'L','Y','2022-03-10 10:03:22'),(296,135,5,100000,'ONE SIZE','Y','2022-03-10 10:03:26'),(297,135,5,120000,'ONE SIZE','N','2022-03-10 10:03:33'),(298,162,21,1890000,'L','Y','2022-03-10 10:03:57'),(299,162,21,1900000,'XL','N','2022-03-10 10:04:03'),(300,121,5,1000000,'XL','Y','2022-03-10 10:04:06'),(301,121,5,990000,'S','N','2022-03-10 10:04:15'),(302,160,21,630000,'XS','N','2022-03-10 10:04:22'),(303,160,21,680000,'L','Y','2022-03-10 10:04:27'),(304,103,5,600000,'XL','N','2022-03-10 10:04:35'),(305,103,5,700000,'S','Y','2022-03-10 10:04:42'),(306,166,21,795000,'L','N','2022-03-10 10:04:45'),(307,166,21,720000,'S','N','2022-03-10 10:04:51'),(308,120,5,4200000,'L','N','2022-03-10 10:05:00'),(309,120,5,4500000,'S','Y','2022-03-10 10:05:07'),(310,143,21,360000,'XL','N','2022-03-10 10:05:14'),(311,143,21,350000,'M','Y','2022-03-10 10:05:20'),(312,165,21,1200000,'L','N','2022-03-10 10:05:44'),(313,165,21,1300000,'M','N','2022-03-10 10:05:54'),(314,123,5,100000,'ONE SIZE','N','2022-03-10 10:05:57'),(315,123,5,120000,'ONE SIZE','N','2022-03-10 10:06:09'),(316,148,21,500000,'L','N','2022-03-10 10:06:14'),(317,148,21,510000,'M','Y','2022-03-10 10:06:21'),(318,125,5,350000,'XL','N','2022-03-10 10:06:34'),(319,125,5,345000,'S','Y','2022-03-10 10:06:41'),(320,142,21,650000,'L','N','2022-03-10 10:06:45'),(321,142,21,640000,'M','Y','2022-03-10 10:06:51'),(322,127,5,695000,'270','N','2022-03-10 10:07:12'),(323,163,21,1780000,'L','N','2022-03-10 10:07:19'),(324,163,21,1790000,'M','N','2022-03-10 10:07:25'),(325,127,5,680000,'250','N','2022-03-10 10:07:28'),(326,129,5,400000,'250','Y','2022-03-10 10:07:49'),(327,129,5,490000,'270','N','2022-03-10 10:07:55'),(328,138,21,191000,'L','N','2022-03-10 10:07:55'),(329,138,21,195000,'M','N','2022-03-10 10:08:00'),(330,138,21,198000,'S','Y','2022-03-10 10:08:07'),(331,104,5,899000,'250','Y','2022-03-10 10:08:11'),(332,104,5,880000,'230','N','2022-03-10 10:08:18'),(333,126,19,1200000,'275','N','2022-03-10 10:08:23'),(334,126,5,1200000,'270','N','2022-03-10 10:08:35'),(335,126,5,1290000,'250','Y','2022-03-10 10:08:41'),(336,147,21,580000,'L','N','2022-03-10 10:08:43'),(337,147,21,570000,'M','N','2022-03-10 10:08:49'),(338,105,5,520000,'L','N','2022-03-10 10:08:57'),(339,105,5,550000,'S','N','2022-03-10 10:09:03'),(340,128,19,370000,'ONE SIZE','N','2022-03-10 10:09:06'),(341,145,21,965000,'L','N','2022-03-10 10:09:10'),(342,145,21,970000,'S','N','2022-03-10 10:09:16'),(343,122,5,712000,'XL','N','2022-03-10 10:09:19'),(344,122,5,700000,'M','N','2022-03-10 10:09:25'),(345,140,21,370000,'L','N','2022-03-10 10:09:37'),(346,140,21,375000,'S','N','2022-03-10 10:09:44'),(347,133,5,600000,'255','N','2022-03-10 10:10:03'),(348,139,21,549000,'L','N','2022-03-10 10:10:08'),(349,133,5,550000,'230','N','2022-03-10 10:10:09'),(350,139,21,550000,'XL','N','2022-03-10 10:10:12'),(351,154,19,1280000,'XXL','Y','2022-03-10 10:10:41'),(352,157,19,280000,'XL','N','2022-03-10 10:11:09'),(353,158,21,310000,'L','N','2022-03-10 10:11:18'),(354,158,21,305000,'M','Y','2022-03-10 10:11:25'),(355,159,19,320000,'L','N','2022-03-10 10:11:40'),(356,156,19,340000,'M','N','2022-03-10 10:12:02'),(357,129,21,430000,'255','N','2022-03-10 10:12:04'),(358,151,19,510000,'S','N','2022-03-10 10:12:30'),(359,104,21,930000,'255','N','2022-03-10 10:12:53'),(360,150,21,249000,'L','Y','2022-03-10 10:13:18'),(361,161,17,620000,'XL','N','2022-03-10 10:14:26'),(362,158,19,310000,'XL','N','2022-03-10 10:14:39'),(363,164,17,1050000,'M','Y','2022-03-10 10:14:43');
/*!40000 ALTER TABLE `product_sell_tbl` ENABLE KEYS */;
UNLOCK TABLES;

--
-- Table structure for table `product_tbl`
--

DROP TABLE IF EXISTS `product_tbl`;
/*!40101 SET @saved_cs_client     = @@character_set_client */;
/*!50503 SET character_set_client = utf8mb4 */;
CREATE TABLE `product_tbl` (
  `pno` int NOT NULL AUTO_INCREMENT,
  `brand` varchar(50) NOT NULL,
  `category` varchar(50) NOT NULL,
  `model_eng_name` varchar(100) NOT NULL,
  `model_kor_name` varchar(100) NOT NULL,
  `model_no` varchar(50) DEFAULT NULL,
  `model_color` varchar(100) DEFAULT NULL,
  `model_size` varchar(100) NOT NULL DEFAULT 'ONE SIZE',
  `release_date` date DEFAULT NULL,
  `price` int DEFAULT NULL,
  `heart` int DEFAULT '0',
  PRIMARY KEY (`pno`)
) ENGINE=InnoDB AUTO_INCREMENT=167 DEFAULT CHARSET=utf8mb4 COLLATE=utf8mb4_0900_ai_ci;
/*!40101 SET character_set_client = @saved_cs_client */;

--
-- Dumping data for table `product_tbl`
--

LOCK TABLES `product_tbl` WRITE;
/*!40000 ALTER TABLE `product_tbl` DISABLE KEYS */;
INSERT INTO `product_tbl` VALUES (1,'Jordan','신발','Jordan 1 x Travis Scott x Fragment Retro Low OG SP Military Blue','조던 1 x 트래비스 스캇 x 프라그먼트 레트로 로우 OG SP 밀리터리 블루','DM7866-140','SAIL/BLACK/MILITARY BLUE','230/235/240/245/250/255/260/265/270/275/280/285/290/295/300','2021-08-13',189000,68),(2,'Jordan','신발','Jordan 1 Mid Light Smoke Grey Anthracite','조던 1 미드 라이트 스모크 그레이 앤트러사이트','554724-078','LIGHT SMOKE GREY/WHITE-ANTHRACITE','230/235/240/245/250/255/260/265/270/275/280/285/290/295/300','2022-01-24',163000,50),(3,'Jordan','신발','Jordan 3 Retro Seoul','조던 3 레트로 서울','AV8370-100','WHITE/SOAR-ATOM RED','230/235/240/245/250/255/260/265/270/275/280/285/290/295/300','2018-03-11',239700,0),(4,'Nike','신발','Nike x Sacai x Fragment LDWaffle Light Smoke Grey','나이키 x 사카이 x 프라그먼트 LD와플 라이트 스모크 그레이','DH2684-001','LT SMOKE GREY/WHITE-BLACK','230/235/240/245/250/255/260/265/270/275/280/285/290/295/300','2021-08-24',209000,30),(5,'Nike','신발','Nike x Sacai VaporWaffle Black White','나이키 x 사카이 베이퍼와플 블랙 화이트','CV1363-001','BLACK/SUMMIT WHITE/PURE PLATINUM','230/235/240/245/250/255/260/265/270/275/280/285/290/295/300','2020-11-06',219000,0),(6,'Jordan','신발','Jordan 1 x Fragment Retro High OG','조던 1 x 프라그먼트 레트로 하이 OG','716371-040','BLACK/SPORT BLUE-WHITE','230/235/240/245/250/255/260/265/270/275/280/285/290/295/300','2014-12-28',221200,1),(7,'Nike','신발','Nike Dunk Low Retro Black','나이키 덩크 로우 레트로 블랙','DD1391-100','WHITE/BLACK','230/235/240/245/250/255/260/265/270/275/280/285/290/295/300','2021-01-14',129000,0),(8,'Nike','신발','Nike x Kasina Dunk Low 80\'s Bus','나이키 x 카시나 덩크 로우 80\'s 버스','CZ6501-100','SAIL/UNIVERSITY GOLD-INDUSTRIAL BLUE','230/235/240/245/250/255/260/265/270/275/280/285/290/295/300','2020-09-25',129000,42),(9,'Nike','신발','Nike x Tom Sachs Mars Yard Shoe 2.0 Space Camp','나이키 x 톰 삭스 마스야드 슈 2.0 스페이스 캠프','AA2261-100','NATURAL/SPORT RED-MAPLE','230/235/240/245/250/255/260/265/270/275/280/285/290/295/300','2017-06-09',239200,0),(10,'Nike','신발','Nike x Supreme Air Force 1 Low White','나이키 x 슈프림 에어포스 1 로우 화이트','CU9225-100','WHITE/WHITE-WHITE','230/235/240/245/250/255/260/265/270/275/280/285/290/295/300','2020-03-05',114800,0),(11,'Y-3','신발','Y-3 Yohji Star Black White','Y-3 요지 스타 블랙 화이트','H02578','BLACK/WHITE','230/235/240/245/250/255/260/265/270/275/280/285/290/295/300',NULL,379000,38),(12,'Converse','신발','Converse x Play Comme des Garcons Chuck 70 Ox Black','컨버스 x 플레이 꼼데가르송 척 70 로우 블랙','150206C','BLACK/WHITE-HIGH RISK RED','230/235/240/245/250/255/260/265/270/275/280/285/290/295/300','2017-11-10',143500,0),(13,'Converse','신발','Converse x Moncler x Fragment Chuck 70 Ox Fraylor III Black','컨버스 x 몽클레르 x 프라그먼트 척 70 로우 프레일러 3 블랙','172320C','BLACK/BLACK/EGRET','230/235/240/245/250/255/260/265/270/275/280/285/290/295/300','2021-07-19',190000,0),(14,'Dr. Martens','신발','Dr. Martens x Mastermind x BAPE 1461','닥터마틴 x 마스터마인드 x 베이프 1461','27044001','BLACK','230/235/240/245/250/255/260/265/270/275/280/285/290/295/300','2021-06-26',320000,0),(15,'Gucci','신발','Gucci Rhyton Leather Sneaker Logo','구찌 롸이톤 레더 스니커 띠 로고','500877-DRW00-9522','IVORY LEATHER','230/235/240/245/250/255/260/265/270/275/280/285/290/295/300',NULL,1300000,0),(16,'New Balance','신발','New Balance 530 White','뉴발란스 530 화이트','MR530SG','WHITE/SILVER/BLUE','230/235/240/245/250/255/260/265/270/275/280/285/290/295/300','2019-12-02',99000,0),(17,'Off-White','신발','Off-White Vulcanized Sneakers Low White Black 2018','오프화이트 벌크 스니커즈 로우 화이트 블랙 2018','OMIA085E183510010100','WHITE/BLACK','230/235/240/245/250/255/260/265/270/275/280/285/290/295/300','2018-07-05',281000,0),(18,'Adidas','신발','Adidas x BAPE Superstar 80s Green Camo','아디다스 x 베이프 슈퍼스타 80s 그린 카모','GZ8981','GREEN CAMO/WHITE-OFF-WHITE','230/235/240/245/250/255/260/265/270/275/280/285/290/295/300','2021-05-01',179400,0),(19,'Adidas','신발','Adidas x BAPE Superstar 80s White Black','아디다스 x 베이프 슈퍼스타 80s 화이트 블랙','GZ8980','WHITE/BLACK','230/235/240/245/250/255/260/265/270/275/280/285/290/295/300','2021-02-27',189000,1),(20,'Adidas','신발','Adidas x Prada Superstar Black','아디다스 x 프라다 슈퍼스타 블랙','FW6679/2EG321-3L97-F0557','CORE BLACK/CORE BLACK/CORE BLACK','230/235/240/245/250/255/260/265/270/275/280/285/290/295/300','2020-09-08',600000,0),(21,'Adidas','신발','Adidas x Sean Wotherspoon Superturf Adventure Jiminy Cricket','아디다스 x 션 우더스푼 슈퍼터프 어드벤처 지미니 크리켓','GY8341','SAIL/ORANGE/PURPLE/TEAL','230/235/240/245/250/255/260/265/270/275/280/285/290/295/300','2021-09-24',189000,0),(22,'adidas Yeezy','신발','Adidas Yeezy 450 Dark Slate','아디다스 이지 450 다크 슬레이트','GY5368','DARK SLATE/DARK SLATE/DARK SLATE','230/235/240/245/250/255/260/265/270/275/280/285/290/295/300','2021-06-26',269000,0),(23,'adidas Yeezy','신발','Adidas Yeezy 500 Taupe Light','아디다스 이지 500 토프 라이트','GX3605','TAUPE LIGHT/TAUPE LIGHT/TAUPE LIGHT','230/235/240/245/250/255/260/265/270/275/280/285/290/295/300','2021-06-05',249000,0),(24,'adidas Yeezy','신발','Adidas Yeezy 700 V3 Arzareth','아디다스 이지 700 V3 아자레스','G54850','ARZARETH/ARZARETH-ARZARETH','230/235/240/245/250/255/260/265/270/275/280/285/290/295/300','2020-08-29',269000,20),(25,'adidas Yeezy','신발','Adidas Yeezy Boost 350 V2 Yecheil - Non-Reflective','아디다스 이지 부스트 350 V2 예힐 - 논리플렉티브','FW5190','YECHEIL/YECHEIL/YECHEIL','230/235/240/245/250/255/260/265/270/275/280/285/290/295/300','2019-12-21',289000,22),(26,'adidas Yeezy','신발','Adidas Yeezy Boost 350 V2 Zebra','아디다스 이지 부스트 350 V2 지브라','CP9654','WHITE/CORE BLACK/RED','230/235/240/245/250/255/260/265/270/275/280/285/290/295/300','2017-02-26',289000,18),(27,'adidas Yeezy','신발','Adidas Yeezy Foam RNNR MX Sand Grey','아디다스 이지 폼 러너 믹스 샌드 그레이','GY3969','MX SAND GREY/MX SAND GREY/MX SAND GREY','230/235/240/245/250/255/260/265/270/275/280/285/290/295/300','2021-12-11',109000,0),(28,'adidas Yeezy','신발','Adidas Yeezy QNTM Barium','아디다스 이지 퀀텀 바리움','H68771','BARIUM/BARIUM/BARIUM','230/235/240/245/250/255/260/265/270/275/280/285/290/295/300','2020-06-25',329000,0),(29,'Nike','의류','Nike x Stussy Windrunner Jacket Off Noir','나이키 x 스투시 윈드러너 자켓 오프 느와르','CT4310-045','OFF NOIR','ONE SIZE',NULL,229000,5),(30,'AMI','의류','AMI de Coeur Oversize Intarsia Sweater Black - 21FW','아미 빅 하트 로고 오버사이즈 인타르시아 스웨터 블랙 - 21FW','H21K009-018-001','BLACK','ONE SIZE',NULL,NULL,0),(31,'Balenciaga','의류','Balenciaga x Gucci The Hacker Project Cocoon Puffer Gilet Beige','발렌시아가 x 구찌 해커 프로젝트 코쿤 퍼퍼 질레 베이지','681886TLO539585','BEIGE','ONE SIZE',NULL,3150000,0),(32,'IAB Studio','의류','IAB Studio Hoodie Light Gray','아이앱 스튜디오 후드 라이트 그레이','','LIGHT GRAY','ONE SIZE',NULL,NULL,0),(33,'Nike','의류','Nike NRG Solo Swoosh Satin Bomber Jacket Black Doll - Asia','나이키 NRG 솔로 스우시 사틴 봄버 자켓 블랙 돌 - 아시아','DN1267-011','BLACK/DOLL/WHITE','ONE SIZE','2022-01-21',229000,0),(34,'Nike','의류','Nike x Stussy Water Shorts Off Noir','나이키 x 스투시 워터 쇼츠 오프 느와르','CT4315-045','OFF NOIR','ONE SIZE',NULL,79000,0),(35,'Stone Island','의류','Stone Island 113WN T.CO+OLD Overshirt Black - 21FW','스톤 아일랜드 113WN 올드이펙트 오버셔츠 블랙 - 21FW','7515113WN-V0129','BLACK','ONE SIZE',NULL,583500,0),(36,'Stone Island','의류','Stone Island 63020 Crewneck Sweatshirt Black - 21FW','스톤 아일랜드 63020 크루넥 스웨트셔츠 블랙 - 21FW','751563020-V0029','BLACK','ONE SIZE',NULL,372800,0),(37,'Supreme','의류','Supreme x The North Face Bleached Denim Print Fleece Jacket Indigo - 21FW','슈프림 x 노스페이스 블리치드 데님 프린트 플리스 자켓 인디고 - 21FW',NULL,'INDIGO','ONE SIZE','2021-12-16',354900,9),(38,'Supreme','의류','Supreme x The North Face Faux Fur Nuptse Jacket Black - 20FW','슈프림 x 노스페이스 포우 퍼 눕시 자켓 블랙 - 20FW',NULL,'BLACK','ONE SIZE','2020-12-10',688500,8),(39,'Yeezy','의류','Yeezy x Gap Round Jacket Black','이지 x 갭 라운드 자켓 블랙',NULL,'BLACK','ONE SIZE','2021-07-12',NULL,0),(40,'Louis Vuitton','패션잡화','(W) Louis Vuitton Monogram Confidential Bandeau Black','(W) 루이비통 모노그램 컨피덴셜 방도 블랙','M78656','BLACK','ONE SIZE',NULL,330000,0),(41,'Ader Error','패션잡화','Ader Error Small Shopper Bag Blue','아더에러 스몰 쇼퍼백 블루','BKAFWTB11BL','BLUE','ONE SIZE','2021-12-30',229000,0),(42,'Burberry','패션잡화','Burberry Icon Stripe Econyl Drawcord Pouch Archive Beige','버버리 아이콘 스트라이프 에코닐 드로우코드 파우치 아카이브 베이지','8026737','ARCHIVE BEIGE','ONE SIZE',NULL,650000,0),(43,'Chanel','패션잡화','Chanel Classic Wallet On Chain Grained Calfskin & Silver Black','샤넬 클래식 체인 지갑 그레인드 카프스킨 & 실버 메탈 블랙','AP0250-Y01588-C3906','BLACK/SILVER','ONE SIZE',NULL,NULL,0),(44,'Chanel','패션잡화','Chanel Medium Classic Handbag Grained Calfskin & Silver Black','샤넬 클래식 미디움 플랩백 그레인드 카프스킨 & 실버 메탈 블랙','A01112-Y01588-C3906','BLACK/SILVER','ONE SIZE',NULL,NULL,0),(45,'Chanel','패션잡화','Chanel Small Vanity With Chain Lambskin & Gold Black','샤넬 스몰 체인 코스메틱 케이스 램스킨 & 골드 메탈 블랙','AP1447-B02916-94305','BLACK/GOLD','ONE SIZE',NULL,NULL,0),(46,'Dior','패션잡화','Dior Oblique Mitzah Scarf Navy Blue Silk Twill','디올 오블리크 미차 스카프 네이비 블루 실크 트윌','15DOB106I600-C541','NAVY BLUE','ONE SIZE',NULL,319000,0),(47,'Dior','패션잡화','Dior Saddle Flap Card Holder Blue Dior Oblique Jacquard','디올 새들 플랩 카드 홀더 블루 디올 오블리크 자카드','S5611CTZQ-M928','BLUE','ONE SIZE',NULL,560000,0),(48,'Dior','패션잡화','Dior Saddle Flap Card Holder Grey Dior Oblique Jacquard','디올 새들 플랩 카드 홀더 그레이 디올 오블리크 자카드','S5611CTZQ-M932','GREY','ONE SIZE',NULL,560000,0),(49,'Lemaire','패션잡화','Lemaire Small Croissant Bag Soft Nappa Leather Dark Chocolate','르메르 스몰 크루아상 백 소프트 나파 레더 다크 초콜릿','X-CAO-BG253-LL095-490','DARK CHOCOLATE','ONE SIZE',NULL,1387800,0),(50,'Louis Vuitton','패션잡화','Louis Vuitton Alma BB Monogram','루이비통 알마 BB 모노그램','M53152','MONOGRAM','ONE SIZE',NULL,2180000,0),(51,'Louis Vuitton','패션잡화','Louis Vuitton Petit Sac Plat Monogram','루이비통 쁘띠 삭 플라 모노그램','M69442','MONOGRAM','ONE SIZE',NULL,1840000,0),(52,'Louis Vuitton','패션잡화','Louis Vuitton Pocket Organizer Taurillon Monogram Bleu Rose','루이비통 포켓 오거나이저 토뤼옹 모노그램 블루 로즈','M81244','BLEU/ROSE','ONE SIZE',NULL,790000,0),(53,'Nike','패션잡화','Nike ACG 36 Backpack Medium Olive','나이키 ACG 36 백팩 미디움 올리브','DC9865-222','MEDIUM OLIVE/BLACK/LIGHT BONE','ONE SIZE','2021-11-18',285000,0),(54,'Prada','패션잡화','Prada Re-Nylon Bucket Hat Black','프라다 리나일론 버킷햇 블랙','2HC137-2DMI-F0002','BLACK','ONE SIZE',NULL,630000,0),(55,'Stussy','패션잡화','Stussy x BAPE Trucker Cap Yellow','스투시 x 베이프 트러커 캡 옐로우',NULL,'YELLOW','ONE SIZE','2022-01-21',212000,0),(56,'Supreme','패션잡화','Supreme x Tiffany & Co. Return to Tiffany Heart Tag Pendant - 21FW','슈프림 x 티파니 앤 코 리턴 투 티파니 하트 태그 펜던트 - 21FW',NULL,'SILVER','ONE SIZE','2021-11-11',536000,0),(57,'Jordan','신발','Jordan 1 Low Bred Toe','조던 1 로우 브레드 토','553558-612','WHITE/BLACK/UNIVERSITY RED','ONE SIZE','2022-02-17',129000,24),(58,'Jordan','신발','Jordan 1 Retro High OG Black Mocha','조던 1 레트로 하이 OG 블랙 모카','555088-105','SAIL/DARK MOCHA-BLACK-BLACK','ONE SIZE','2020-11-13',199000,21),(59,'Jordan','신발','Jordan 1 Retro High OG Patent Bred','조던 1 레트로 하이 OG 페이턴트 브레드','555088-063','BLACK/VARSITY RED-WHITE','ONE SIZE','2021-12-23',199000,17),(60,'Jordan','신발','Jordan 3 Retro Cardinal Red','조던 3 레트로 카디널 레드','CT8532-126','WHITE/LIGHT CURRY/CARDINAL RED/CEMENT GREY','ONE SIZE','2022-02-21',239000,0),(61,'Nike','신발','Nike Dunk Low Retro Championship Court Purple','나이키 덩크 로우 레트로 챔피언쉽 코트 퍼플','DD1391-104','WHITE/COURT PURPLE','ONE SIZE','2022-02-11',129000,0),(62,'Nike','신발','Nike Dunk Low Retro PRM Halloween','나이키 덩크 로우 레트로 프리미엄 할로윈','DD3357-100','SAIL/STARFISH-BLACK','ONE SIZE','2022-01-18',129000,0),(63,'Nike','신발','Nike Dunk Low Retro Varsity Green','나이키 덩크 로우 레트로 바시티 그린','DD1391-101','WHITE/TEAM GREEN/ORANGE','ONE SIZE','2021-04-28',119000,0),(64,'Nike','신발','Nike x Ambush Dunk High Black','나이키 x 앰부쉬 덩크 하이 블랙','CU7544-001','WHITE/BLACK/SPRUCE AURA','ONE SIZE','2020-12-11',219000,41),(65,'Nike','신발','Nike x Ambush Dunk High Deep Royal Blue','나이키 x 앰부쉬 덩크 하이 딥 로얄 블루','CU7544-400','DEEP ROYAL BLUE/WHITE-PALE IVORY-BLACK','ONE SIZE','2021-05-18',219000,36),(66,'Nike','신발','Nike x NBA Dunk Low Retro EMB Chicago','나이키 x NBA 덩크 로우 레트로 EMB 시카고','DD3363-100','SAIL/BLACK-BLACK-CHILE RED','ONE SIZE','2021-10-08',119000,0),(67,'Nike','신발','Nike x Peaceminusone Air Force 1 Low Para-Noise 2.0','나이키 x 피스마이너스원 에어포스 1 로우 파라노이즈 2.0','DD3223-100','WHITE/BLACK-WHITE','ONE SIZE','2020-11-25',219000,33),(68,'Nike','신발','Nike x Peaceminusone Kwondo1 White','나이키 x 피스마이너스원 퀀도1 화이트','DH2482-100','WHITE/WHITE-WHITE','ONE SIZE','2021-12-03',219000,0),(69,'Nike','신발','Nike x Sacai VaporWaffle Royal Fuchsia','나이키 x 사카이 베이퍼와플 로얄 푸시아','CV1363-100','SAIL/SPORT FUCHSIA/LIGHT BONE/GAME ROYAL','ONE SIZE','2020-11-06',219000,0),(70,'Nike','신발','Nike x Sacai VaporWaffle Tour Yellow & Gorge Green Sail','나이키 x 사카이 베이퍼와플 투어 옐로우 & 골지 그린 세일','CV1363-700','TOUR YELLOW/GORGE GREEN/SAIL','ONE SIZE','2020-12-17',219000,12),(71,'Nike','신발','Nike x Supreme Air Force 1 Low Black','나이키 x 슈프림 에어포스 1 로우 블랙','CU9225-001','BLACK/BLACK-BLACK','ONE SIZE','2020-03-05',115000,0),(72,'CDG','패션잡화','CDG Back Pack Black','CDG 백팩 블랙','SZ-K203-051-1-1','BLACK','ONE SIZE',NULL,NULL,-1),(73,'CDG','의류','CDG Crewneck Sweatshirt Black','CDG 크루넥 스웨트셔츠 블랙','SZ-T002-051-1','BLACK','ONE SIZE',NULL,NULL,0),(74,'CDG','의류','CDG Crewneck Sweatshirt Grey','CDG 크루넥 스웨트셔츠 그레이','SZ-T002-051-3','GREY','ONE SIZE',NULL,NULL,0),(75,'CDG','의류','CDG Crewneck Sweatshirt Navy','CDG 크루넥 스웨트셔츠 네이비','SZ-T002-051-2','NAVY','ONE SIZE',NULL,NULL,0),(76,'CDG','의류','CDG Crewneck Sweatshirt White','CDG 크루넥 스웨트셔츠 화이트','SZ-T002-051-4','WHITE','ONE SIZE',NULL,NULL,0),(77,'CDG','의류','CDG Hooded Sweatshirt Black','CDG 후드 스웨트셔츠 블랙','SZ-T001-051-1','BLACK','ONE SIZE',NULL,NULL,0),(78,'CDG','의류','CDG Hooded Sweatshirt Grey','CDG 후드 스웨트셔츠 그레이','SZ-T001-051-3','GREY','ONE SIZE',NULL,NULL,0),(79,'CDG','의류','CDG Logo T-Shirt White','CDG 로고 티셔츠 화이트','SZ-T005-051-2','WHITE','ONE SIZE',NULL,72500,0),(80,'CDG','패션잡화','CDG Shoulder Bag Black','CDG 숄더백 블랙','SZ-K207-051-1','BLACK','ONE SIZE',NULL,NULL,0),(81,'CDG','의류','CDG Varsity Jacket Navy','CDG 바시티 자켓 네이비','SZ-J006-051-2','NAVY','ONE SIZE',NULL,155500,0),(82,'CDG','의류','CDG x Alpha Industries Bias MA-1 Jacket Black','CDG x 알파 인더스트리 바이어스 MA-1 자켓 블랙','SZ-J017-051','BLACK','ONE SIZE',NULL,NULL,0),(83,'CDG','의류','CDG x Alpha Industries Bias MA-1 Jacket Olive','CDG x 알파 인더스트리 바이어스 MA-1 자켓 올리브','SZ-J017-051','OLIVE','ONE SIZE',NULL,NULL,0),(84,'CDG','의류','CDG x Alpha Industries Liner Jacket Olive','CDG x 알파 인더스트리 라이너 자켓 올리브','SB-J001-051-2','OLIVE','ONE SIZE',NULL,NULL,0),(85,'CDG','의류','CDG x Cactus Plant Flea Market I\'m Okay T-Shirt #1 White','CDG x CPFM 아임 오케이 티셔츠 #1 화이트',NULL,'WHITE','ONE SIZE','2021-05-07',125400,0),(86,'CDG','의류','CDG x Stussy Black Market Hooded Sweatshirt Black','CDG x 스투시 블랙 마켓 후드 스웨트셔츠 블랙',NULL,'BLACK','ONE SIZE','2021-11-12',275500,0),(87,'CDG','의류','CDG x Stussy Black Market T-Shirt Black','CDG x 스투시 블랙 마켓 티셔츠 블랙',NULL,'BLACK','ONE SIZE','2021-11-12',125700,0),(88,'CDG','의류','CDG x Stussy Coach Jacket Black','CDG x 스투시 코치 자켓 블랙','SH-J001-051-1','BLACK','ONE SIZE','2021-09-24',347000,0),(89,'CDG','의류','CDG x Stussy Hoodie Grey','CDG x 스투시 후드 그레이','SH-T001-051-1','GREY','ONE SIZE','2021-09-24',319000,0),(90,'CDG','의류','CDG x Stussy T-Shirt Black','CDG x 스투시 티셔츠 블랙','SH-T002-051-1','BLACK','ONE SIZE','2021-09-24',142000,0),(91,'CDG','의류','CDG x Stussy T-Shirt White','CDG x 스투시 티셔츠 화이트','SH-T002-051-2','WHITE','ONE SIZE','2021-09-24',142000,0),(92,'Maison Margiela','신발','Maison Margiela Calfskin Replica Sneaker White','메종 마르지엘라 카프스킨 레플리카 스니커 화이트','S57WS0236P1897101','WHITE','ONE SIZE',NULL,599600,0),(93,'Maison Margiela','신발','Maison Margiela Calfskin Replica Sneakers','메종 마르지엘라 카프스킨 레플리카 스니커즈','S57WS0236P1895101','WHITE/GREY','ONE SIZE',NULL,593000,0),(94,'Maison Margiela','패션잡화','Maison Margiela Fold-Over Phone Case Black','메종 마르지엘라 폴드 오버 휴대폰 케이스 블랙','S35UI0515-P4126-H1658','BLACK','ONE SIZE',NULL,NULL,0),(95,'Maison Margiela','패션잡화','Maison Margiela Grainy Smooth Leather Card Holder Black - 20SS','메종 마르지엘라 그레이니 스무스 레더 카드 홀더 블랙 - 20SS','S35UI0432P0399T8013','BLACK','ONE SIZE',NULL,NULL,0),(96,'Maison Margiela','패션잡화','Maison Margiela Leather Wallet Black','메종 마르지엘라 반지갑 블랙','S35UI0435PS935T8013','BLACK','ONE SIZE',NULL,430000,0),(97,'Maison Margiela','신발','Maison Margiela Replica Graffiti Sneakers White','메종 마르지엘라 레플리카 그래피티 스니커즈 화이트','S57WS0355P3568H8283','WHITE','ONE SIZE',NULL,NULL,0),(98,'Maison Margiela','신발','Maison Margiela Replica Paint Drop Sneakers Black','메종 마르지엘라 레플리카 페인트 드롭 스니커즈 블랙','S57WS0240P1892963','BLACK','ONE SIZE',NULL,755810,0),(99,'Maison Margiela','신발','Maison Margiela Replica Paint Drop Sneakers','메종 마르지엘라 레플리카 페인트 드롭 스니커즈','S57WS0240P1892961','WHITE','ONE SIZE',NULL,755810,0),(100,'Maison Margiela','신발','Maison Margiela Tabi High Black','메종 마르지엘라 타비 하이 블랙','S57WS0253P1875T8013','BLACK/WHITE','ONE SIZE',NULL,700240,0),(101,'Maison Margiela','신발','Maison Margiela Tabi Low Black','메종 마르지엘라 타비 로우 블랙','S57WS0252P1875T8013','BLACK/WHITE','ONE SIZE',NULL,647880,0),(102,'Maison Margiela','신발','Maison Margiela Vandal Tabi Low White Black Paint','메종 마르지엘라 반달 타비 로우 화이트 블랙 페인트','S37WS0495P3719H8327','WHITE/BLACK','ONE SIZE',NULL,847500,0),(103,'Balenciaga','의류','(W) Balenciaga Political Campaign Medium Fit Hoodie Black','(W) 발렌시아가 폴리티컬 캠페인 미디움 핏 후드 블랙','578135TKVI91070','BLACK','ONE SIZE',NULL,NULL,5),(104,'Balenciaga','신발','(W) Balenciaga Speed Trainer Black White 2021','(W) 발렌시아가 스피드 트레이너 블랙 화이트 2021','587280W2DBQ1015','BLACK/WHITE','ONE SIZE',NULL,980100,4),(105,'Balenciaga','의류','(W) Balenciaga Symbolic Logo Hoodie Heather Grey','(W) 발렌시아가 심볼릭 로고 후드 헤더 그레이','578135TIV511167','HEATHER GREY','ONE SIZE',NULL,NULL,2),(120,'Balenciaga','의류','(W) Balenciaga x Gucci The Hacker Project BB Puffer Black','(W) 발렌시아가 x 구찌 해커 프로젝트 BB 퍼퍼 블랙','681883TLO531269','BALCK','ONE SIZE',NULL,4125000,5),(121,'Balenciaga','의류','Balenciaga Allover Logo Crewneck Knit Light Brown Black','발렌시아가 올오버 로고 크루넥 니트 라이트 브라운 블랙','657401T32002900','LIGHT BROWN','ONE SIZE',NULL,1590300,6),(122,'Balenciaga','의류','Balenciaga BB Circle Logo Patch Crewneck Knit Red','발렌시아가 BB 서클 로고 패치 크루넥 니트 레드','641781T41116167','RED','ONE SIZE',NULL,NULL,2),(123,'Balenciaga','패션잡화','Balenciaga Political Campaign Destroyed Cap Black','발렌시아가 폴리티컬 캠페인 디스트로이드 캡 블랙','661884410B21077','BLACK','ONE SIZE',NULL,475000,5),(124,'Balenciaga','의류','Balenciaga Political Campaign Medium Fit Hoodie Yellow','발렌시아가 폴리티컬 캠페인 미디움 핏 후드 옐로우','600583TKVI97442','YELLOW','ONE SIZE',NULL,NULL,2),(125,'Balenciaga','의류','Balenciaga Quest Medium Fit Hoodie Black','발렌시아가 퀘스트 미디움 핏 후드 블랙','600583TLV601000','BLACK','ONE SIZE',NULL,NULL,5),(126,'Balenciaga','신발','Balenciaga Runner Sneakers Grey Burgundy','발렌시아가 러너 스니커즈 그레이 버건디','677403W3RB39069','BURGUNDY/GREY','ONE SIZE',NULL,1343800,4),(127,'Balenciaga','신발','Balenciaga Speed Trainer Black 2019','발렌시아가 스피드 트레이너 블랙 2019','530353W05G91000','BLACK','ONE SIZE',NULL,961600,5),(128,'Balenciaga','패션잡화','Balenciaga Strap Zipped Card Holder Black','발렌시아가 스트랩 지퍼 카드 홀더 블랙','6160151IZI31090','BLACK','ONE SIZE',NULL,NULL,2),(129,'Balenciaga','신발','Balenciaga Triple S Black Clear Sole 2019','발렌시아가 트리플 S 블랙 클리어 솔 2019','541624W09O11000','BLACK','ONE SIZE',NULL,1226600,5),(132,'Balenciaga','신발','Balenciaga Triple S Grey Red Blue 2018 Reissue','발렌시아가 트리플 S 그레이 레드 블루 2018 리이슈','512175W09O24365/533883W09O24365','GREY/RED-BLUE','ONE SIZE','2017-09-22',1171200,5),(133,'Balenciaga','신발','Balenciaga Trooper Rubber Boot Black','발렌시아가 트루퍼 러버 부츠 블랙','680660W0FO81000','BLACK','ONE SIZE',NULL,870000,1),(135,'Balenciaga','패션잡화','Balenciaga Year of the Tiger Allover Logo Beanie Black','발렌시아가 이어 오브 더 타이거 올오버 로고 비니 블랙','659679T15671018','BLACK','ONE SIZE',NULL,315000,7),(136,'Balenciaga','패션잡화','Balenciaga Year of the Tiger Cap White','발렌시아가 이어 오브 더 타이거 캡 화이트','681122410B29060','WHITE','ONE SIZE',NULL,460000,1),(137,'Balenciaga','패션잡화','Gucci x Balenciaga The Hacker Project Medium Jackie 1961 Bag Black','구찌 x 발렌시아가 해커 프로젝트 미디움 재키 1961 백 블랙','636712-UO40G-1089','BLACK','ONE SIZE','2021-11-15',4000000,2),(138,'AMI','의류','AMI de Coeur Mariniere Black','아미 스몰 하트 로고 스트라이프 티셔츠 블랙','A21HJ106-72-004','BLACK','ONE SIZE',NULL,NULL,4),(139,'AMI','의류','AMI de Coeur Oversize Cardigan Black - 21FW','아미 빅 하트 로고 오버사이즈 가디건 블랙 - 21FW','A21HK303-016-001','BLACK','ONE SIZE',NULL,NULL,2),(140,'AMI','의류','AMI de Coeur Oversize Intarsia Funnel Neck Sweater Black','아미 빅 하트 로고 퍼넬 넥 인타르시아 스웨터 블랙','H21K203-018-001','BLACK','ONE SIZE',NULL,NULL,4),(141,'AMI','의류','AMI de Coeur Oversize Intarsia Sweater Beige - 21FW','AMI de Coeur Oversize Intarsia Sweater Beige - 21FW','H21K009-018-265','BEIGE','ONE SIZE',NULL,NULL,2),(142,'AMI','의류','AMI de Coeur Oversize Intarsia Sweater Green - 21FW','아미 빅 하트 로고 오버사이즈 인타르시아 스웨터 그린 - 21FW','H21K019-018-300','GREEN','ONE SIZE',NULL,NULL,5),(143,'AMI','의류','AMI de Coeur Oversize Intarsia Sweater Heather Grey - 21FW','아미 빅 하트 로고 오버사이즈 인타르시아 스웨터 헤더 그레이 - 21FW','H21K009-018-055','HEATHER GREY','ONE SIZE',NULL,NULL,10),(144,'AMI','의류','AMI de Coeur Oversize Intarsia Sweater Royal Blue - 21FW','아미 빅 하트 로고 오버사이즈 인타르시아 스웨터 로얄 블루 - 21FW','H21K019-018-490','ROYAL BLUE','ONE SIZE',NULL,NULL,4),(145,'AMI','의류','AMI de Coeur Oversize Intarsia Sweater Steel Blue','아미 빅 하트 로고 오버사이즈 인타르시아 스웨터 스틸 블루','P20HK009-018-474','STEEL BLUE','ONE SIZE',NULL,NULL,5),(146,'AMI','의류','AMI de Coeur Oversize Intarsia Sweater White - 21FW','아미 빅 하트 로고 오버사이즈 인타르시아 스웨터 화이트 - 21FW','H21K009-018-100','WHITE','ONE SIZE',NULL,NULL,11),(147,'AMI','의류','AMI de Coeur Oversize Sweater Black - 21FW','아미 빅 하트 로고 오버사이즈 스웨터 블랙 - 21FW','A21HK009-016-001','BLACK','ONE SIZE',NULL,NULL,4),(148,'AMI','의류','AMI de Coeur Oversize Sweater Green Aqua','아미 빅 하트 로고 오버사이즈 스웨터 그린 아쿠아','E21HK009-016-303','GREEN AQUA','ONE SIZE',NULL,458000,8),(149,'AMI','의류','AMI de Coeur Striped Oversize Sweater Black White','아미 빅 하트 로고 스트라이프 오버사이즈 스웨터 블랙 화이트','H21K029-018-004','BLACK/WHITE','ONE SIZE',NULL,695000,12),(150,'AMI','의류','Ami De Coeur Striped Polo Shirt Black White','아미 스몰 하트 로고 스트라이프 폴로 셔츠 블랙 화이트','A21HJ211-75-004','BLACK/WHITE','ONE SIZE',NULL,NULL,2),(151,'Stone Island','의류','Stone Island 30203 Cargo Pants 5 Pockets Black - 21SS','스톤 아일랜드 30203 카고 팬츠 5 포켓 블랙 - 21SS','741530203-V0029','BLACK','ONE SIZE',NULL,NULL,4),(152,'Stone Island','의류','Stone Island 31414 Cargo Pants Black - 20FW','스톤 아일랜드 31414 카고 팬츠 블랙 - 20FW','731531414-V0029','BLACK','ONE SIZE',NULL,NULL,2),(153,'Stone Island','의류','Stone Island 40223 Garment Dyed Crinkle Reps Down Jacket Light Grey - 21FW','스톤 아일랜드 40223 가먼트 다이드 크링클랩스 다운 자켓 라이트 그레이 - 21FW','751540223-V0061','LIGHT GREY','ONE SIZE',NULL,NULL,4),(154,'Stone Island','의류','Stone Island 44508 Nylon Metal Down-TC Jacket Dark Grey - 21FW','스톤 아일랜드 44508 나일론 메탈 다운-TC 자켓 다크 그레이 - 21FW','751544508-V0065','DARK GREY','ONE SIZE',NULL,NULL,13),(155,'Stone Island','의류','Stone Island 44508 Nylon Metal Down-TC Jacket Light Grey - 21FW','스톤 아일랜드 44508 나일론 메탈 다운-TC 자켓 라이트 그레이 - 21FW','751544508-V0061','LIGHT GREY','ONE SIZE',NULL,NULL,3),(156,'Stone Island','의류','Stone Island 63020 Crewneck Sweatshirt Melange Grey - 21FW','스톤 아일랜드 63020 크루넥 스웨트셔츠 멜란지 그레이 - 21FW','751563020-V0M64','MELANGE GREY','ONE SIZE',NULL,372200,5),(157,'Stone Island','의류','Stone Island 64120 Cotton Fleece Hooded Sweatshirt Black - 21FW','스톤 아일랜드 64120 코튼 플리스 후드 스웨트셔츠 블랙 - 21FW','751564120-V0029','BLACK','ONE SIZE',NULL,NULL,12),(158,'Stone Island','의류','Stone Island 64450 Long Sleeve Crewneck Sweatshirt Black - 21SS','스톤 아일랜드 64450 롱슬리브 크루넥 스웨트셔츠 블랙 - 21SS','741564450-V0029','BLACK','ONE SIZE',NULL,NULL,3),(159,'Stone Island','의류','Stone Island B0943 Nylon Metal Swimming Trunk Light Grey - 21FW','스톤 아일랜드 B0943 나일론 메탈 스위밍 트렁크 라이트 그레이 - 21FW','7515B0943-V0061','LIGHT GREY','ONE SIZE',NULL,NULL,5),(160,'Thom Browne','의류','Thom Browne Engineered 4-Bar Sweatshirt Light Grey','톰브라운 엔지니어드 사선 스웨트셔츠 라이트 그레이','MJT021H-00535-068/MJT021L-00535-068','LIGHT GREY','ONE SIZE',NULL,NULL,10),(161,'Thom Browne','의류','Thom Browne Engineered 4-Bar Zip Hoodie Navy','톰브라운 엔지니어드 사선 후드 집업 네이비','MJT022H-00535-461','NAVY/WHITE','ONE SIZE',NULL,NULL,19),(162,'Thom Browne','의류','Thom Browne Milano Stitch 4-Bar Cardigan Navy','톰브라운 밀라노 스티치 사선 가디건 네이비','MKC171A-00219-415','NAVY','ONE SIZE',NULL,NULL,11),(163,'Thom Browne','의류','Thom Browne Milano Stitch Arm Band Cardigan Navy','톰브라운 밀라노 스티치 암밴드 가디건 네이비','MKC310A-Y3007-415','NAVY','ONE SIZE',NULL,NULL,8),(164,'Thom Browne','의류','Thom Browne Shetland 4-Bar Classic Cardigan Dark Green','톰브라운 셰틀랜드 사선 클래식 가디건 다크 그린','MKC353A-01085-320','DARK GREEN','ONE SIZE',NULL,NULL,3),(165,'Thom Browne','의류','Thom Browne Shetland 4-Bar Classic Cardigan Dark Grey','톰브라운 셰틀랜드 사선 클래식 가디건 다크 그레이','MKC353A-01085-025','DARK GREY','ONE SIZE',NULL,NULL,9),(166,'Thom Browne','의류','Thom Browne Solid Flannel 4-Bar Straight Fit Shirt Light Grey','톰브라운 솔리드 플란넬 사선 스트레이트 핏 셔츠 라이트 그레이','MWL272A-05245-035','LIGHT GREY','ONE SIZE',NULL,780000,10);
/*!40000 ALTER TABLE `product_tbl` ENABLE KEYS */;
UNLOCK TABLES;

--
-- Table structure for table `style_board_re_tbl`
--

DROP TABLE IF EXISTS `style_board_re_tbl`;
/*!40101 SET @saved_cs_client     = @@character_set_client */;
/*!50503 SET character_set_client = utf8mb4 */;
CREATE TABLE `style_board_re_tbl` (
  `rno` int NOT NULL AUTO_INCREMENT,
  `sno` int NOT NULL,
  `uno` int NOT NULL,
  `content` text NOT NULL,
  `origin` int NOT NULL DEFAULT '0',
  `depth` int NOT NULL DEFAULT '0',
  `seq` int NOT NULL DEFAULT '0',
  `regdate` timestamp NOT NULL DEFAULT CURRENT_TIMESTAMP,
  PRIMARY KEY (`rno`),
  KEY `style_board_re_tbl_uno` (`uno`),
  KEY `style_board_re_tbl_sno` (`sno`),
  CONSTRAINT `style_board_re_tbl_sno` FOREIGN KEY (`sno`) REFERENCES `style_board_tbl` (`sno`),
  CONSTRAINT `style_board_re_tbl_uno` FOREIGN KEY (`uno`) REFERENCES `user_tbl` (`uno`)
) ENGINE=InnoDB AUTO_INCREMENT=23 DEFAULT CHARSET=utf8mb4 COLLATE=utf8mb4_0900_ai_ci;
/*!40101 SET character_set_client = @saved_cs_client */;

--
-- Dumping data for table `style_board_re_tbl`
--

LOCK TABLES `style_board_re_tbl` WRITE;
/*!40000 ALTER TABLE `style_board_re_tbl` DISABLE KEYS */;
INSERT INTO `style_board_re_tbl` VALUES (1,1,3,'ㅎㅇㅎㅇ',0,0,0,'2022-03-10 03:45:52'),(2,1,4,'ㄴㅇㄴㅁㅇㄴㅁ',0,0,0,'2022-03-10 05:04:25'),(3,1,4,'',0,0,0,'2022-03-10 05:04:27'),(4,5,16,'싫어요가 없어서 안누르고 갑니다 화나네요',0,0,0,'2022-03-10 09:43:16'),(5,6,17,'주소 불러',0,0,0,'2022-03-10 09:44:25'),(6,5,17,'사람인가요?',0,0,0,'2022-03-10 09:48:44'),(7,12,17,'이쁘시네여',0,0,0,'2022-03-10 09:56:31'),(8,19,8,'이쁘세요 남자친구 있으신가요??',0,0,0,'2022-03-10 10:18:20'),(9,18,8,'이쁘세요 남자친구 있으신가요??',0,0,0,'2022-03-10 10:18:41'),(10,20,8,'이쁘세요 남자친구 있으신가요??',0,0,0,'2022-03-10 10:19:12'),(11,23,8,'이쁘세요 남자친구 있으신가요??',0,0,0,'2022-03-10 10:19:35'),(12,25,8,'이쁘세요 남자친구 있으신가요??',0,0,0,'2022-03-10 10:20:00'),(13,33,8,'누군진 모르겠지만 아주 잘생기셨네요',0,0,0,'2022-03-10 10:20:35'),(14,20,22,'잘보고가요',0,0,0,'2022-03-10 10:21:36'),(15,12,22,'도배 좀 하지마세요...',0,0,0,'2022-03-10 10:23:14'),(16,12,22,'도배 좀 하지마세요...',0,0,0,'2022-03-10 10:23:14'),(17,12,22,'도배 좀 하지마세요...',0,0,0,'2022-03-10 10:23:15'),(18,12,22,'도배 좀 하지마세요...',0,0,0,'2022-03-10 10:23:15'),(19,32,22,'삽니다',0,0,0,'2022-03-10 10:25:25'),(20,32,21,'아..아나스타샤!!',0,0,0,'2022-03-10 10:26:00'),(21,6,22,'글 삭제바랍니다...',0,0,0,'2022-03-10 10:26:49');
/*!40000 ALTER TABLE `style_board_re_tbl` ENABLE KEYS */;
UNLOCK TABLES;

--
-- Table structure for table `style_board_tbl`
--

DROP TABLE IF EXISTS `style_board_tbl`;
/*!40101 SET @saved_cs_client     = @@character_set_client */;
/*!50503 SET character_set_client = utf8mb4 */;
CREATE TABLE `style_board_tbl` (
  `sno` int NOT NULL AUTO_INCREMENT,
  `uno` int NOT NULL,
  `s_img` varchar(300) NOT NULL,
  `content` text NOT NULL,
  `product_tag` varchar(100) DEFAULT NULL,
  `heart` int DEFAULT '0',
  `regdate` timestamp NOT NULL DEFAULT CURRENT_TIMESTAMP,
  `updatedate` timestamp NOT NULL DEFAULT CURRENT_TIMESTAMP,
  PRIMARY KEY (`sno`),
  KEY `style_board_tbl_uno` (`uno`),
  CONSTRAINT `style_board_tbl_uno` FOREIGN KEY (`uno`) REFERENCES `user_tbl` (`uno`)
) ENGINE=InnoDB AUTO_INCREMENT=35 DEFAULT CHARSET=utf8mb4 COLLATE=utf8mb4_0900_ai_ci;
/*!40101 SET character_set_client = @saved_cs_client */;

--
-- Dumping data for table `style_board_tbl`
--

LOCK TABLES `style_board_tbl` WRITE;
/*!40000 ALTER TABLE `style_board_tbl` DISABLE KEYS */;
INSERT INTO `style_board_tbl` VALUES (1,3,'a_64efad80480745979393da05e8ae31b9.png','',NULL,10,'2022-03-10 03:45:13','2022-03-10 03:45:13'),(5,8,'불편한친구.jpg','반갑습니다 ~',NULL,2,'2022-03-10 08:55:29','2022-03-10 08:55:29'),(6,8,'찡긋1.jpg','이제 나 좀 좋아해볼래?',NULL,2,'2022-03-10 08:57:32','2022-03-10 08:57:32'),(7,8,'바보2.jpg','난 세계 최고의 검사가 될거다',NULL,2,'2022-03-10 08:58:33','2022-03-10 08:58:33'),(8,13,'9.jpeg','?',NULL,9,'2022-03-10 09:01:19','2022-03-10 09:01:19'),(9,13,'9-1.jpeg','?',NULL,8,'2022-03-10 09:03:22','2022-03-10 09:03:22'),(10,13,'9-2.jpeg','?',NULL,8,'2022-03-10 09:03:28','2022-03-10 09:03:28'),(11,13,'9-3.jpeg','?',NULL,9,'2022-03-10 09:03:35','2022-03-10 09:03:35'),(12,13,'9-4.jpeg','?',NULL,13,'2022-03-10 09:03:42','2022-03-10 09:03:42'),(13,13,'9-5.jpeg','?',NULL,9,'2022-03-10 09:03:48','2022-03-10 09:03:48'),(14,13,'9-6.jpeg','?',NULL,8,'2022-03-10 09:03:55','2022-03-10 09:03:55'),(15,13,'9-7.jpeg','?',NULL,9,'2022-03-10 09:04:01','2022-03-10 09:04:01'),(16,13,'9-8.jpeg','?',NULL,7,'2022-03-10 09:04:06','2022-03-10 09:04:06'),(17,13,'9-10.jpeg','?',NULL,8,'2022-03-10 09:04:13','2022-03-10 09:04:13'),(18,13,'9-9.jpeg','?',NULL,10,'2022-03-10 09:04:49','2022-03-10 09:04:49'),(19,14,'1.jpeg','?',NULL,9,'2022-03-10 09:06:58','2022-03-10 09:06:58'),(20,15,'2.jpeg','기모띠띠빵빵~',NULL,10,'2022-03-10 09:08:53','2022-03-10 09:08:53'),(21,16,'3.jpg','밤하늘의 퍼얼~~~',NULL,9,'2022-03-10 09:10:51','2022-03-10 09:10:51'),(22,17,'4.jpeg','잘부탁드립니다 ~ ★',NULL,8,'2022-03-10 09:12:59','2022-03-10 09:12:59'),(23,18,'5.jpeg','에프킬라 칙칙!',NULL,11,'2022-03-10 09:24:02','2022-03-10 09:24:02'),(24,19,'6.jpeg','띠요옹',NULL,10,'2022-03-10 09:26:55','2022-03-10 09:26:55'),(25,20,'7.jpeg','감사합닌다',NULL,9,'2022-03-10 09:31:51','2022-03-10 09:31:51'),(26,21,'8.jpeg','여유',NULL,7,'2022-03-10 09:34:22','2022-03-10 09:34:22'),(27,14,'1-1.jpeg','?',NULL,7,'2022-03-10 09:37:07','2022-03-10 09:37:07'),(28,15,'2-1.jpeg','ㅎㅎㅎ',NULL,6,'2022-03-10 09:38:48','2022-03-10 09:38:48'),(29,15,'p_a4c3c848403449ab935e9c7bb1263cc7.jpeg','Get~',NULL,6,'2022-03-10 09:41:13','2022-03-10 09:41:13'),(30,16,'p_b7557ee512db4ce5b654f7c73ec528ea.jpeg','style~',NULL,4,'2022-03-10 09:42:20','2022-03-10 09:42:20'),(32,5,'다운로드 (2).jpg','아나스타샤!',NULL,3,'2022-03-10 09:58:20','2022-03-10 09:58:20'),(33,5,'fff.png','그림자분신술!!!',NULL,3,'2022-03-10 10:19:43','2022-03-10 10:19:43'),(34,22,'s10.jpg','gdgd',NULL,1,'2022-03-10 10:25:00','2022-03-10 10:25:00');
/*!40000 ALTER TABLE `style_board_tbl` ENABLE KEYS */;
UNLOCK TABLES;

--
-- Table structure for table `user_auth`
--

DROP TABLE IF EXISTS `user_auth`;
/*!40101 SET @saved_cs_client     = @@character_set_client */;
/*!50503 SET character_set_client = utf8mb4 */;
CREATE TABLE `user_auth` (
  `uid` varchar(100) NOT NULL,
  `uauth` varchar(50) NOT NULL,
  KEY `uid` (`uid`),
  CONSTRAINT `user_auth_ibfk_1` FOREIGN KEY (`uid`) REFERENCES `user_tbl` (`uid`)
) ENGINE=InnoDB DEFAULT CHARSET=utf8mb4 COLLATE=utf8mb4_0900_ai_ci;
/*!40101 SET character_set_client = @saved_cs_client */;

--
-- Dumping data for table `user_auth`
--

LOCK TABLES `user_auth` WRITE;
/*!40000 ALTER TABLE `user_auth` DISABLE KEYS */;
INSERT INTO `user_auth` VALUES ('ssong1781@naver.com','ROLE_MASTER'),('ssong1781@naver.com','ROLE_MEMBERSHIP'),('ssong1781@naver.com','ROLE_USER'),('shs123@naver.com','ROLE_USER'),('ssh123@naver.com','ROLE_USER'),('aazzc123@naver.com','ROLE_USER'),('qwer1234@naver.com','ROLE_USER'),('aazzc1234@naver.com','ROLE_USER'),('zyear@naver.com','ROLE_USER'),('xyear@naver.com','ROLE_USER'),('ayear@naver.com','ROLE_USER'),('syearr@naver.com','ROLE_USER'),('syear@naver.com','ROLE_USER'),('astyle@naver.com','ROLE_USER'),('bstyle@naver.com','ROLE_USER'),('cstyle@naver.com','ROLE_USER'),('dstyle@naver.com','ROLE_USER'),('estyle@naver.com','ROLE_USER'),('fstyle@naver.com','ROLE_USER'),('gstyle@naver.com','ROLE_USER'),('hstyle@naver.com','ROLE_USER'),('istyle@naver.com','ROLE_USER'),('flyingcorps2@nate.com','ROLE_USER');
/*!40000 ALTER TABLE `user_auth` ENABLE KEYS */;
UNLOCK TABLES;

--
-- Table structure for table `user_follow`
--

DROP TABLE IF EXISTS `user_follow`;
/*!40101 SET @saved_cs_client     = @@character_set_client */;
/*!50503 SET character_set_client = utf8mb4 */;
CREATE TABLE `user_follow` (
  `uno` int NOT NULL,
  `ufollower` int NOT NULL,
  KEY `fk_user_follow_uno` (`uno`),
  KEY `fk_user_follow_ufollower` (`ufollower`),
  CONSTRAINT `fk_user_follow_ufollower` FOREIGN KEY (`ufollower`) REFERENCES `user_tbl` (`uno`),
  CONSTRAINT `fk_user_follow_uno` FOREIGN KEY (`uno`) REFERENCES `user_tbl` (`uno`)
) ENGINE=InnoDB DEFAULT CHARSET=utf8mb4 COLLATE=utf8mb4_0900_ai_ci;
/*!40101 SET character_set_client = @saved_cs_client */;

--
-- Dumping data for table `user_follow`
--

LOCK TABLES `user_follow` WRITE;
/*!40000 ALTER TABLE `user_follow` DISABLE KEYS */;
INSERT INTO `user_follow` VALUES (2,8),(17,8),(8,13),(8,14),(2,13),(5,8),(2,14),(8,15),(8,18),(8,20),(17,13),(17,18),(17,14),(17,19),(17,20),(17,15),(22,13),(21,18);
/*!40000 ALTER TABLE `user_follow` ENABLE KEYS */;
UNLOCK TABLES;

--
-- Table structure for table `user_tbl`
--

DROP TABLE IF EXISTS `user_tbl`;
/*!40101 SET @saved_cs_client     = @@character_set_client */;
/*!50503 SET character_set_client = utf8mb4 */;
CREATE TABLE `user_tbl` (
  `uno` int NOT NULL AUTO_INCREMENT,
  `uname` varchar(50) NOT NULL,
  `uid` varchar(100) NOT NULL,
  `unick` varchar(100) NOT NULL,
  `upass` varchar(100) NOT NULL,
  `birth` varchar(20) NOT NULL,
  `gender` varchar(10) NOT NULL,
  `phone` varchar(50) NOT NULL,
  `addr` varchar(50) NOT NULL,
  `addr_detail` varchar(50) NOT NULL,
  `post` varchar(50) NOT NULL,
  `user_img` varchar(300) DEFAULT NULL,
  `buyno` varchar(500) DEFAULT '/',
  `sellno` varchar(500) DEFAULT '/',
  `regdate` timestamp NOT NULL DEFAULT CURRENT_TIMESTAMP,
  `deleted` char(1) DEFAULT 'Y',
  `follower` int DEFAULT NULL,
  `follow` int DEFAULT NULL,
  `sell_pro` int DEFAULT NULL,
  `buy_pro` int DEFAULT NULL,
  `visit_date` timestamp NOT NULL DEFAULT CURRENT_TIMESTAMP,
  `report` int DEFAULT '0',
  `bandate` int DEFAULT '0',
  `defaultint` int DEFAULT '0',
  `zzim` varchar(500) DEFAULT '''',
  PRIMARY KEY (`uno`),
  UNIQUE KEY `uid` (`uid`)
) ENGINE=InnoDB AUTO_INCREMENT=23 DEFAULT CHARSET=utf8mb4 COLLATE=utf8mb4_0900_ai_ci;
/*!40101 SET character_set_client = @saved_cs_client */;

--
-- Dumping data for table `user_tbl`
--

LOCK TABLES `user_tbl` WRITE;
/*!40000 ALTER TABLE `user_tbl` DISABLE KEYS */;
INSERT INTO `user_tbl` VALUES (2,'송승훈','ssong1781@naver.com','ssong','$2a$10$JvCzOvEYF5g/R24GtqkyAePZWEwozPZudRcTq7aSx6xnuC5RBRsL2','1994-10-26','남성','010-1234-1234','서울 중구 산림동 299-4','뒷산','04544','망곰.jpg','/6/1/217/','/1/2/3/4/5/6/7/8/9/','2022-03-07 11:28:55','Y',NULL,NULL,NULL,NULL,'2022-03-10 11:17:20',0,0,0,'\'\'2\'\'6\'\'1\'\'11\'\'5\'\'4\'\'8\'\'19\'\'18\'\'13\'\'51\'\'54\'\'53\'\'58\'\'57\'\'62\'\'63\'\'64\'\'65\'\'67\'\'69\'\'78\'\'29\''),(3,'풔킹심','shs123@naver.com','sim','$2a$10$oeHt33kXbppMD3sGOHZCqu2Pz6EMzMP3t29riKtZ235fnHN7yU476','1960-03-01','남성','010-1231-2311','부산 금정구 명서로 48(서동, 서명초등학교)','서동초','46324','','/44/2/3/5/7/','/45/','2022-03-07 13:02:12','Y',NULL,NULL,NULL,NULL,'2022-03-10 11:00:11',0,0,0,'\'\'3\''),(4,'승훈짱','ssh123@naver.com','승훈짱','$2a$10$od./Z6eHDGGi5KycrQhT6.ZN/8viGuuxzeVFFh3tIqGWQ8xo1APf2','2022-03-01','남성','010-4321-4321','제주특별자치도 서귀포시 가가로 14(상예동)','산길','63534','','/45/','/','2022-03-07 13:10:39','Y',NULL,NULL,NULL,NULL,'2022-03-10 05:03:36',0,0,0,'\'\'3\'\'4\'\'1\'\'2\''),(5,'판매등록','aazzc123@naver.com','판매등록','$2a$10$5Rhb0KUZ8w8FSWCjT12WAOqCdO2eend7MLeGUiLGhp3oep95XmGJa','2022-03-07','남성','010-2352-3532','광주 남구 송하동 319','123','61738','다운로드 (2).jpg','/15/16/17/296/300/305/309/319/335/294/295/311/317/321/','/10/11/12/13/14/15/16/17/18/19/20/21/22/23/24/25/26/27/28/29/30/31/32/33/34/35/36/37/38/39/40/41/42/85/86/87/88/89/90/91/92/93/94/95/96/97/98/100/101/103/104/105/107/109/110/113/114/116/118/119/120/123/124/126/128/129/130/133/134/137/138/139/140/143/144/147/148/150/152/153/154/155/156/158/160/161/164/166/168/171/173/177/178/181/183/185/188/194/195/289/291/296/297/300/301/304/305/308/309/314/315/318/319/322/325/326/327/331/332/334/335/338/339/343/344/347/349/','2022-03-09 06:10:43','Y',NULL,NULL,NULL,NULL,'2022-03-10 10:02:55',0,0,0,'\'\'1\'\'2\'\'3\'\'5\'\'24\'\'4\'\'6\'\'7\'\'15\'\'16\'\'20\'\'19\'\'18\'\'17\'\'13\'\'14\'\'12\'\'10\'\'9\'\'23\'\'28\'\'27\'\'32\'\'31\'\'34\'\'30\'\'8\'\'11\'\'22\'\'21\'\'26\'\'25\'\'29\'\'33\'\'35\'\'36\'\'40\'\'39\'\'38\'\'37\'\'42\'\'41\'\'43\'\'44\'\'48\'\'47\'\'46\'\'45\'\'49\'\'50\'\'51\'\'52\'\'56\'\'55\'\'54\'\'53\'\'60\'\'59\'\'58\'\'57\'\'64\'\'63\'\'62\'\'61\'\'68\'\'67\'\'66\'\'65\'\'72\'\'71\'\'70\'\'69\'\'73\'\'74\'\'75\'\'76\'\'80\'\'79\'\'78\'\'77\'\'81\'\'82\'\'83\'\'84\'\'88\'\'87\'\'86\'\'85\'\'89\'\'90\'\'91\'\'92\'\'96\'\'95\'\'94\'\'93\'\'97\'\'98\'\'99\'\'100\'\'101\'\'102\''),(6,'쏭씅훈','qwer1234@naver.com','qwer','$2a$10$Forpp7VuzXBrBuDf3yiNFOvi7FxqXN8ihdqbpXyYzyT1x/4rkcEi6','2022-03-05','남성','010-4353-4343','경기 성남시 분당구 대왕판교로 477(판교동, 낙생고등학교)','낙생고','13480','','/','/','2022-03-09 06:30:04','Y',NULL,NULL,NULL,NULL,'2022-03-09 06:42:04',0,0,0,'\'\'2\'\'4\'\'2\'\'4\'\'1\'\'3\'\'5\'\'6\'\'7\''),(7,'심현석','aazzc1234@naver.com','내가바로신발왕','$2a$10$ccGYhZTAKqr1dTzqFNrKF.h2IniqwTPnATRFVQSs5/ocESUDSw.GW','2022-03-16','남성','010-2452-4324','광주 남구 2순환로 1508(송하동)','123','61738','재관이형.png','/213/27/21/23/10/9/18/12/223/36/39/220/42/47/49/50/14/','/46/47/48/49/50/51/52/53/54/55/56/57/58/59/60/61/62/63/64/65/66/67/68/69/70/71/72/73/74/75/76/77/78/82/83/84/213/214/246/247/248/249/250/251/256/','2022-03-09 07:31:11','Y',NULL,NULL,NULL,NULL,'2022-03-10 07:14:40',0,0,0,'\'\'34\'\'1\'\'2\'\'3\'\'4\'\'8\'\'7\'\'6\'\'5\'\'9\'\'10\'\'11\'\'12\'\'16\'\'15\'\'14\'\'13\'\'17\'\'18\'\'19\'\'20\'\'21\'\'22\'\'23\'\'24\'\'28\'\'27\'\'26\'\'25\'\'29\'\'30\'\'31\'\'32\'\'36\'\'35\'\'33\'\'37\'\'38\'\'39\'\'40\'\'44\'\'43\'\'42\'\'41\'\'45\'\'46\'\'47\'\'48\'\'52\'\'51\'\'50\'\'49\'\'53\'\'54\'\'55\'\'56\'\'60\'\'59\'\'58\'\'57\'\'81\'\'82\'\'83\'\'84\'\'88\'\'87\'\'86\'\'85\'\'89\'\'90\'\'91\'\'92\'\'96\'\'95\'\'94\'\'93\'\'97\'\'98\'\'99\'\'100\'\'101\'\'102\'\'61\'\'62\'\'63\'\'64\'\'68\'\'67\'\'66\'\'65\'\'69\'\'70\'\'71\'\'72\'\'76\'\'75\'\'74\'\'73\'\'77\'\'78\'\'79\'\'80\''),(8,'불편한심','zyear@naver.com','불편한심현석','$2a$10$D6MwYlU61P4sPilKcw47EeEJJ/SzMKAPmyO02oQ0Ih2zoa1wKshRK','2022-03-02','남성','010-1235-5215','경남 양산시 고향의봄로 18(신기동, 우진빌)','123','50577','불편한친구.jpg','/30/65/','/99/102/105/108/110/112/115/117/121/122/125/127/131/132/135/136/141/142/145/146/149/150/157/159/162/163/165/167/169/170/172/174/175/176/179/180/182/184/186/187/189/190/191/192/193/196/197/198/199/200/201/202/203/204/205/206/207/208/209/210/211/212/262/263/264/','2022-03-10 06:53:56','Y',NULL,NULL,NULL,NULL,'2022-03-10 10:17:47',0,0,0,'\'\'73\'\'82\'\'81\'\'84\'\'89\'\'37\'\'56\'\'1\'\'6\'\'2\'\'58\'\'15\'\'16\'\'12\'\'10\'\'13\'\'18\'\'26\'\'27\'\'60\'\'59\'\'62\'\'63\'\'67\'\'68\'\'101\'\'99\'\'93\'\'92\'\'71\'\'98\''),(9,'찡긋심','xyear@naver.com','찡긋심','$2a$10$Y/Mvexy5v74daWKixu7.FefNVzo4LJN1IzbesuBrJj6cefO/aCaey','2022-03-01','남성','010-1251-6216','경기 성남시 분당구 대왕판교로 477(판교동, 낙생고등학교)','156631','13480','찡긋2.jpg','/','/','2022-03-10 07:14:52','Y',NULL,NULL,NULL,NULL,'2022-03-10 07:14:59',0,0,0,'\'\'15\'\'19\'\'41\'\'40\'\'46\'\'51\'\'47\'\'52\'\'72\'\'94\'\'96\'\'95\'\'48\'\'50\'\'55\'\'54\'\'53\'\'56\'\'30\'\'29\'\'32\'\'36\'\'35\'\'34\'\'38\'\'39\'\'75\'\'76\'\'79\'\'82\'\'84\'\'83\'\'87\'\'88\'\'89\'\'90\'\'86\'\'91\'\'2\'\'1\'\'3\'\'4\'\'10\'\'14\'\'13\'\'18\'\'17\'\'20\'\'62\'\'63\'\'64\'\'61\'\'65\'\'66\'\'67\'\'70\'\'73\'\'78\'\'77\'\'80\'\'74\'\'68\'\'81\'\'85\'\'92\'\'99\'\'98\'\'97\'\'100\''),(10,'바보심','ayear@naver.com','바보심','$2a$10$Sk0gUw8kzz0QpTdrmAcyYuD3g9JzptrdM6kvWFcDSqCWOhHkpEHWe','2022-03-01','남성','010-1125-6212','제주특별자치도 서귀포시 가가로 14(상예동)','1636161','63534','심현석jpg.jpg','/218/13/33/230/233/236/136/242/133/','/215/216/217/218/219/220/221/222/223/224/225/226/227/228/229/230/231/232/233/234/235/236/237/238/239/240/241/242/243/244/245/','2022-03-10 07:17:45','Y',NULL,NULL,NULL,NULL,'2022-03-10 07:17:53',0,0,0,'\'\'3\'\'2\'\'4\'\'6\'\'5\'\'7\'\'8\'\'12\'\'11\'\'10\'\'9\'\'13\'\'14\'\'15\'\'16\'\'20\'\'18\'\'22\'\'26\'\'30\'\'87\'\'86\'\'91\'\'92\'\'96\'\'95\'\'94\'\'99\'\'100\'\'98\'\'102\'\'101\'\'62\'\'67\'\'68\'\'70\'\'65\'\'47\'\'54\'\'58\'\'57\''),(11,'장기자랑심','syearr@naver.com','장기자랑심','$2a$10$S/EkP0iW2jbLSW8AHy7.O.MCtvTGVTakAGhOoSDWpBWfrWb3g8fzW','2022-03-08','남성','010-1251-2612','경북 울릉군 울릉읍 독도안용복길 3(독도리)','152151','40240','바탕화면2.png','/','/','2022-03-10 07:27:28','Y',NULL,NULL,NULL,NULL,'2022-03-10 07:27:28',0,0,0,'\''),(12,'장기자랑심','syear@naver.com','장기자랑하는심','$2a$10$hS9hacpmDp5JZMbxfg3UgOToq3KR84P1TsC62U1g3EnlPXvEtxIeC','2022-03-02','남성','010-1621-6126','강원 삼척시 오십천로 496(정상동, 울릉도호박집)','161361','25928','바탕화면2.png','/253/235/168/132/124/','/251/253/254/255/257/258/259/260/261/','2022-03-10 07:28:33','Y',NULL,NULL,NULL,NULL,'2022-03-10 08:58:46',0,0,0,'\'\'2\'\'4\'\'7\'\'12\'\'15\'\'19\'\'18\'\'10\'\'14\'\'40\'\'42\'\'46\'\'50\'\'52\'\'94\'\'95\'\'92\'\'54\''),(13,'지아','astyle@naver.com','zla','$2a$10$I3OE3/UwNSDDvMLhjpyere8jtUPS3OphWBaEaw03CLZqTp6kSN6W.','2022-03-01','여성','010-1241-2512','경기 성남시 분당구 대왕판교로 477(판교동, 낙생고등학교)','215621','13480','9.jpeg','/','/','2022-03-10 09:00:43','Y',NULL,NULL,NULL,NULL,'2022-03-10 09:00:51',0,0,0,'\''),(14,'다미','bstyle@naver.com','dami','$2a$10$aTm7HwyWOU9HbUg1PG9xwe0DKAM.kxq/7XqDmOl6EWWaV.PWLsTCm','2022-03-01','여성','010-1631-6316','제주특별자치도 서귀포시 가가로 14(상예동)','5215','63534','1.jpeg','/76/123/','/281/282/283/','2022-03-10 09:06:25','Y',NULL,NULL,NULL,NULL,'2022-03-10 09:35:45',0,0,0,'\''),(15,'씨스','cstyle@naver.com','Sisss','$2a$10$qo3cabh4iI9WNXZpAbIbleBSVEIQez0rfW6JdW8DP2s2eYhdH.V5O','2022-03-07','여성','010-121-2415','강원 삼척시 오십천로 496(정상동, 울릉도호박집)','136316','25928','2.jpeg','/','/','2022-03-10 09:08:29','Y',NULL,NULL,NULL,NULL,'2022-03-10 09:38:07',0,0,0,'\'\'10\'\'67\'\'14\'\'65\'\'56\'\'84\'\'87\'\'96\'\'17\'\'9\'\'31\'\'41\'\'48\'\'59\'\'100\'\'86\'\'35\'\'42\''),(16,'김디스','dstyle@naver.com','kimdiss','$2a$10$2A6FIV0RvreMyhm9jH1xQ.2egL4CPdXoBIgHAR9yaKhcVSD0uTh2i','2022-03-01','남성','010-9811-7151','부산 남구 오륙도로 137(용호동, 해파랑길 관광안내소)','어딘가','48594','3.jpg','/','/','2022-03-10 09:10:13','Y',NULL,NULL,NULL,NULL,'2022-03-10 09:41:26',0,0,0,'\'\'67\'\'3\'\'1\'\'15\'\'79\''),(17,'김이스','estyle@naver.com','leeseul','$2a$10$oCxRjZWU/9ZsGDrzVxr//uXlK1.owdLxf.JbQ0tqCq29j/s782/gy','2022-03-04','남성','010-1252-1351','경기 성남시 분당구 대왕판교로 477(판교동, 낙생고등학교)','16612','13480','4.jpeg','/177/290/363/298/303/','/284/285/286/287/288/290/361/363/','2022-03-10 09:12:33','Y',NULL,NULL,NULL,NULL,'2022-03-10 10:22:04',0,0,0,'\'\'10\'\'67\'\'6\'\'1\'\'58\'\'66\'\'77\''),(18,'에프킬라','fstyle@naver.com','에프킬라','$2a$10$xi1pBcL4L2HAceb6nSccAOvGemTFD/8ee3rzDKR8VtwHOoB9PixNO','2022-03-03','남성','010-1250-1252','경기 성남시 분당구 경부고속도로 409(삼평동)','어딘가','13473','5.jpeg','/210/','/265/266/267/','2022-03-10 09:23:40','Y',NULL,NULL,NULL,NULL,'2022-03-10 09:23:50',0,0,0,'\'\'31\'\'76\'\'85\'\'93\'\'90\''),(19,'쥐질이','gstyle@naver.com','쮜질이','$2a$10$addkedQPmCSApjZrmaYlpOSrdJD.JEBfdTnLp16tcXKH3FSOeKraK','2022-03-01','남성','010-1251-2565','부산 강서구 가달1로 7(생곡동)','12ㅋ','46729','6.jpeg','/152/52/351/354/','/268/269/270/271/333/340/351/352/355/356/358/362/','2022-03-10 09:26:33','Y',NULL,NULL,NULL,NULL,'2022-03-10 10:04:07',0,0,0,'\'\'62\''),(20,'에이치','hstyle@naver.com','에이치','$2a$10$RbqjoBxct9ZU8ILUNXFEne6vQw/B/k0JnwCt7Z5gf0OmCcLLbZwra','2022-03-03','여성','010-1251-2025','경남 거창군 가조면 광주대구고속도로 135(도리)','ㅋㅋ','50119','7.jpeg','/68/','/272/273/274/275/','2022-03-10 09:29:53','Y',NULL,NULL,NULL,NULL,'2022-03-10 09:30:00',0,0,0,'\''),(21,'아이','istyle@naver.com','istyle','$2a$10$LkgkpdAtfA.uk/gC2rBMA.0LVLrMJ752EWTuPaLIuhdWDGVYbDll.','2022-03-05','여성','010-6516-5165','부산 기장군 일광면 기장대로 710(삼성리)','ㅅㄷㅈㅅ','46044','8.jpeg','/103/55/326/331/360/330/','/276/277/278/279/280/292/293/294/295/298/299/302/303/306/307/310/311/312/313/316/317/320/321/323/324/328/329/330/336/337/341/342/345/346/348/350/353/354/357/359/360/','2022-03-10 09:32:49','Y',NULL,NULL,NULL,NULL,'2022-03-10 10:25:30',0,0,0,'\'\'37\'\'163\''),(22,'신창엽','flyingcorps2@nate.com','닉네임','$2a$10$F1pLXAjDo80hna5r28QZDeaOs1ueDHbIp0VfRikrIJwpwH2IsXuEi','2022-03-01','남성','010-7511-8208','부산 사상구 광장로81번길 37(괘법동, LA게임랜드)','123','46968','','/','/','2022-03-10 10:20:04','Y',NULL,NULL,NULL,NULL,'2022-03-10 10:24:25',0,0,0,'\'');
/*!40000 ALTER TABLE `user_tbl` ENABLE KEYS */;
UNLOCK TABLES;

--
-- Table structure for table `watch_board`
--

DROP TABLE IF EXISTS `watch_board`;
/*!40101 SET @saved_cs_client     = @@character_set_client */;
/*!50503 SET character_set_client = utf8mb4 */;
CREATE TABLE `watch_board` (
  `bno` int NOT NULL AUTO_INCREMENT,
  `title` varchar(200) NOT NULL,
  `writer` varchar(200) NOT NULL,
  `player` longtext NOT NULL,
  `brand` varchar(200) NOT NULL,
  `content` longtext NOT NULL,
  `regdate` timestamp NULL DEFAULT CURRENT_TIMESTAMP,
  `updatedate` timestamp NULL DEFAULT CURRENT_TIMESTAMP,
  `viewcnt` int DEFAULT '0',
  `showboard` char(1) DEFAULT 'Y',
  PRIMARY KEY (`bno`)
) ENGINE=InnoDB AUTO_INCREMENT=35 DEFAULT CHARSET=utf8mb4 COLLATE=utf8mb4_0900_ai_ci;
/*!40101 SET character_set_client = @saved_cs_client */;

--
-- Dumping data for table `watch_board`
--

LOCK TABLES `watch_board` WRITE;
/*!40000 ALTER TABLE `watch_board` DISABLE KEYS */;
INSERT INTO `watch_board` VALUES (2,'꼭 입어야할 후드티 4가지 가져왔다..! /후드티 추천!','코디메이커피로','<iframe width=\"100%\" height=\"100%\" src=\"https://www.youtube.com/embed/DgBLN5rrPRI\" title=\"YouTube video player\" frameborder=\"0\" allow=\"accelerometer; autoplay; clipboard-write; encrypted-media; gyroscope; picture-in-picture\" allowfullscreen></iframe>','스투시','반갑습니다 구독자여러분들 저는 코디메이커 피로입니다\r\n이번에는 진짜 저만 알고싶었지만..\r\n이렇게 영상으로 만들어본! 후드티 추천영상!\r\n다양한 브랜드의 후드티들을 가져왔으니, 이번 영상도 재미있게 봐주시면 감사하겠습니다\r\n\r\n스투시/마우이앤선즈/포스333/예스아이씨\r\n','2022-03-07 03:36:24','2022-03-10 11:32:58',27,'Y'),(3,'샤넬 클래식백 리뷰 ? | 샤넬의 걸작 클래식백 미듐 ?| 관리법 |Chanel classic bag review | 명품백 |','라비앙르미에','<iframe width=\"100%\" height=\"100%\" src=\"https://www.youtube.com/embed/BmVKy2dyayQ\" title=\"YouTube video player\" frameborder=\"0\" allow=\"accelerometer; autoplay; clipboard-write; encrypted-media; gyroscope; picture-in-picture\" allowfullscreen></iframe>','샤넬','* 렌트를 통해 리뷰한 제품입니다.\r\n\r\ncontact\r\nlavienlumiere@gmail.com','2022-03-07 05:51:31','2022-03-08 03:33:39',32,'Y'),(4,'디올 바비백 스몰 리뷰? | 디올백추천 | 예쁜 룩북과 함께 봐요? | 명품백 | 디올가방 | Dior bobby bag review small size','라비앙르미에','<iframe width=\"100%\" height=\"100%\" src=\"https://www.youtube.com/embed/LeoGhBmX8pg\" title=\"YouTube video player\" frameborder=\"0\" allow=\"accelerometer; autoplay; clipboard-write; encrypted-media; gyroscope; picture-in-picture\" allowfullscreen></iframe>','디올','* 렌트를 통해 리뷰한 제품입니다.\r\n\r\nContact?\r\nlavienlumiere@gmail.com\r\nInstagram?\r\n@lavien__lumiere\r\n\r\n?\r\nLook book . 1\r\n상의 - 토피넛 폴라 T\r\n하의 - 하운드투스 펜슬 스커트\r\n*모두 \'더 제이수\'제품입니다.\r\n?\r\nLook book . 2\r\n상의 - 더 제이수 / 핏 폴라 니트\r\n하의 - 렌느 / FW아르켓와이드슬랙스\r\n아우터 - 렌느 / 헤링헨드메이드코트\r\n?\r\nLook book . 3\r\n상의 -Roll Up / 셔링 벨벳 입술티 (현재 판매상품이 아닙니다)\r\n하의 - 울 헤링본 H 스커트\r\n?\r\n악세서리\r\n목걸이 - 루이비통 에센셜 V 네크리스\r\n벨트 - 루이비통 LV 아이코닉 리버서블 벨트\r\n팔찌 - 펜디 F IS FENDI 브레이슬릿\r\n\r\n안녕하세요. 라비앙르미에입니다.\r\n오늘 리뷰할 제품은 디올의 바비백 스몰입니다\r\n\r\n바비백은 세련된 라인과 조화로운 비율이 돋보이는 호보 스타일의 가방입니다.\r\n총 4가지 사이즈가 있는데\r\n지금 보시는 스몰 사이즈를 포함해 미디엄 라지 \r\n그리고 이번 시즌 새로나온 이스트 웨스트 (East west) 가 있습니다.\r\n바비백 스몰의 가격은 420만원입니다\r\n\r\n전체적인 디자인을 보시면 \r\n블랙 컬러의 복스 송아지 가죽 소재로 제작되었습니다.\r\n소가죽 특유의 무늬가 없이 민무늬에 광택감과 윤기가 흐르는 부드러운 소재의 가죽이고 흐물거리지 않으면서 탄탄한 재질이에요.\r\n심플한 듯 보이지만 반짝이는 골드 하드웨어의 장식들이 있어서 고급스러운 분위기가 느껴집니다.\r\n일반적인 스퀘어 쉐입의 가방들과 달리 호보백 스타일이라 라운드져있어서 캐주얼하면서 트렌디한 디자인이에요.\r\n\r\n앞면 플랩을 보시면 CD 골드 장식과 버클이 달려있는 스트랩 장식이 있습니다.  \r\n이 스트랩으로 오픈 클로징을 하는 건 아니고 마그네틱 형식으로 오픈 클로징을 하는 방식입니다.\r\n플랩 밑에 자석 잠금장치가 부착되어 있습니다.\r\n\r\n가방의 스트랩은 탈부착이 가능하고 스트랩 고리가 스페셜하게 디자인이 되어있어요.\r\n이런 디테일들이 디올만의 엘레강스한 무드가 잘 느껴져서 좋은 거 같습니다.\r\n길이 조절도 가능하고 밀리터리 형식의 버클이 크리스찬 디올 로고가 각인되어 있습니다.\r\n스트랩의 길이 조절이 가능해서 숄더백 , 크로스백 모두 가능합니다.\r\n뒷면은 30몽테인의 엠보싱 로고가 있고 포켓이 있습니다.\r\n이 바비백의 모든 골드 소재들은 광택감이 느껴지는 딥한 골드 컬러에 스크래치에 약하지 않아  굉장히 고급스러워요..\r\n\r\n가방이 스몰사이즈라 수납이 많이 되는 편은 아닙니다.\r\n수납력이 어느 정도 되는지 잠깐 보여드리겠습니다.\r\n\r\n바비백은 블랙컬러 말고도 다양한 컬러가 있습니다.\r\n사이즈가 미니사이즈여서 그런지 작은 크기에서 느껴지는 귀여움과 캐주얼한 느낌을 줄 수 있는 트렌디한 디자인 그리고 고급스러운 복스 가죽이 너무 예쁜 가방이에요.\r\n이제 이 가방과 어울리는 룩북을 보여드리겠습니다.\r\n\r\n잘 보셨나요~? \r\n오늘 리뷰는 여기서 마치겠습니다.\r\n더 궁금하신 점은 댓글 남겨주세요.\r\n\r\n리뷰가 도움이 되셨다면 좋아요 구독 버튼 눌러주세요.\r\n다음에도 예쁜 제품들과 함께 만나 뵙겠습니다.\r\n\r\n감사합니다❤️','2022-03-07 05:53:21','2022-03-07 05:53:58',9,'Y'),(5,'? 명품가방 코디룩북 ? | 디올 레이디백 | 샤넬 보이백 | 루이비통 록키BB 베리토트 V토트 | 결혼식하객패션 하객룩 데일리룩 오피스룩 데일리룩 명품백코디 모임룩 여성코디',' 라비앙르미에','<iframe width=\"100%\" height=\"100%\" src=\"https://www.youtube.com/embed/M21J2Uj85Do\" title=\"YouTube video player\" frameborder=\"0\" allow=\"accelerometer; autoplay; clipboard-write; encrypted-media; gyroscope; picture-in-picture\" allowfullscreen></iframe>','샤넬','안녕하세요~?\r\n라비앙 르미에 입니다.\r\n이번 영상은\r\n명품백 5개와 어울리는 코디룩북 영상을 제작해봤어요~^^*\r\n편하게 감상해주세요~? \r\n\r\n비즈니스 \r\nlavienlumiere@gmail.com\r\n\r\n모델\r\n\r\nheight /160\r\nweight / 47 \r\n?\r\nc.1\r\n렌느 | 엘레나원피스\r\nc.2\r\n더로랑 | 실크 셔츠 원피스 \r\nc.3\r\n실크 셔츠 아이보리 \r\n더 제이수 | 헤링본 트임 스커트 \r\nc.4 \r\n아띠랑벨르 | 실크 투피스 ( 상의만 착용)\r\n더 로랑 | 파리 로얄 스커트\r\nc.5\r\n더 제이수 | 실크 블라우스 (블루)\r\n엘로렌 | gorgepus 실키 스커트\r\nc.6\r\n벨르아 | 반목 민소매 골지 니트티\r\n스커트 | 개인소장품\r\nc.7\r\n에셀마켓 | 블링블링티 \r\n스커트 | 로드샵 제품\r\nc.8\r\n더 제이수 | 뉴트 셔츠 \r\n더 제이수 | 로벤 끈 슬렉스\r\nc.9\r\n블랑드문 | 라인 자켓 원피스\r\nc.10\r\n상의 | 로드샵 제품\r\n렌느 | 르엣 셔링 스커트\r\nc.11\r\n엘로렌 | 셔링 블라우스\r\n라벨르블랑 | 스커트\r\nc.12\r\n더 제이수 | 뤼미에르 자켓 슬렉스\r\n라벨르블랑 | 실크 투피스 (상의착용)\r\nc.13\r\n자켓 | 개인소장품\r\n스커트 \r\n렌느 | 로멜 샤틴 스커트\r\nc.14\r\n라벨르블랑 | 셔링 블라우스','2022-03-07 06:33:24','2022-03-07 06:33:24',3,'Y'),(6,'슈프림 21SS 리뷰! 인수 후 첫 콜렉션!','REGIT/레짙','<iframe width=\"100%\" height=\"100%\" src=\"https://www.youtube.com/embed/4BNAatRHG8Q\" title=\"YouTube video player\" frameborder=\"0\" allow=\"accelerometer; autoplay; clipboard-write; encrypted-media; gyroscope; picture-in-picture\" allowfullscreen></iframe>','슈프림','안녕하세요 레짙입니다\r\n오늘은 슈프림 21SS 리뷰를 해봤습니다.','2022-03-07 07:32:22','2022-03-07 07:32:22',5,'Y'),(7,'3000 만원 어치 조던 신발 FLEX 했습니다 ㅋㅋㅋㅋ','장지수','<iframe width=\"1280\" height=\"720\" src=\"https://www.youtube.com/embed/EA9xsHQlTdg\" title=\"YouTube video player\" frameborder=\"0\" allow=\"accelerometer; autoplay; clipboard-write; encrypted-media; gyroscope; picture-in-picture\" allowfullscreen></iframe>','조던','꽐루! 샌프란시스코애서 온 꽈뚜룹 임니다.\r\n조던 시리즈애 대장급 오프화이트 , 트래비스캇 , 프라그먼트 , 등등 최고 가격애 신발들 리뷰 헤바씁니다 미쳐따....\r\n\r\n꽈뚜룹 체널 구독헤조 ▶ https://goo.gl/sN1QB6\r\n\r\n----------------------------------------­­--------------------------\r\n??꽈뚜룹 영상은 다른언어가 피료헤~ https://goo.gl/VqUN6X\r\n\r\n인스타그램 Instagram ✌️ - real_quaddurup\r\n\r\n섭외, 광고 문의 메일 ✉️ - Quaddurup@chzbk.com\r\n\r\n사용하는 장비\r\n1. 캐논 빅시아 mini x\r\n2. 캐논 70d\r\n\r\n#꽈뚜룹 #신발 #하울\r\nCOPYRIGHT ⓒ 2016 QUADDURUP ALL RIGHTS RESERVED.','2022-03-10 03:38:16','2022-03-10 03:38:16',5,'Y'),(8,'제대로 파워 실착중인 나이키 신발 모음 리뷰','핏더사이즈','<iframe width=\"1280\" height=\"720\" src=\"https://www.youtube.com/embed/Xta3RyJYgmo\" title=\"YouTube video player\" frameborder=\"0\" allow=\"accelerometer; autoplay; clipboard-write; encrypted-media; gyroscope; picture-in-picture\" allowfullscreen></iframe>','나이키','사카이가 없어서 실망했지..? 미안해 올 겨울 부츠에 플렉스했어\r\n사카이 리셀가격 오바잖아^^~ \r\n\r\n-\r\n*이 영상은 유료광고가 없음을 알려드립니다\r\n-\r\n핏더사이즈 스펙 183cm / 88kg (상의 XL~2XL, 하의 33~34)\r\n-\r\n1. 핏더사이즈 인스타 https://www.instagram.com/fit.the.size/\r\n2. 핏더사이즈 카페 https://cafe.naver.com/fitthesize\r\n-\r\n체험단 및 PPL 관련 문의 : kimhoejo@naver.com','2022-03-10 05:11:26','2022-03-10 05:12:37',2,'Y'),(9,'? 닥터마틴이 스테디셀러인 이유 | 3홀 8홀 더비슈즈 그리고 라인별 비교','오늘의 주우재','<iframe width=\"1280\" height=\"753\" src=\"https://www.youtube.com/embed/Hv3eYMX9OEk\" title=\"YouTube video player\" frameborder=\"0\" allow=\"accelerometer; autoplay; clipboard-write; encrypted-media; gyroscope; picture-in-picture\" allowfullscreen></iframe>','닥터마틴','본 영상은 닥터마틴 코리아의 간접 광고를 포함하고 있습니다.\r\n\r\n안녕하세요 주우재입니다.\r\n오늘은 닥터마틴 제품들로 가죽 슈즈에 대한 얘기를 해봤는데요,\r\n제가 워낙 좋아하는 브랜드이다 보니 \r\n저도 신나하면서 제작한 영상인 것 같아요.\r\n슈즈구매를 고민하시는 분들께 조금이라도 도움이 되길 바랄게요.\r\n아래 이벤트 내용 확인 해주세요.\r\n감기 조심하시고 행복한 하루 보내세요 !\r\n\r\n11/30(월) ~ 12/13(일)\r\n1. 닥터마틴 공식 홈페이지; 로그인 후, 마이페이지-쿠폰-쿠폰등록 에서\r\n   “주우재쿠폰” 입력&쿠폰 등록 하면 사용 가능 (일부 제품 사용 불가) \r\n    https://bit.ly/39gujOd\r\n2. 닥터마틴 오프라인 매장; 매장 스탭에게 영상 인증 후 10% 할인\r\n3. 공식몰 신규 회원 적립금 2만 5천점 지급\r\n    바로가기 https://bit.ly/39oMXTY\r\n\r\n\r\n인스타 https://bit.ly/3rrs0hN\r\n\r\n#주우재패션 #워커','2022-03-10 05:17:03','2022-03-10 05:17:03',0,'Y'),(10,'1,000만원 명품하울!! 같이 뜯어봐유~ (구찌 언박싱 패션리뷰)','하비언니TV','<iframe width=\"1280\" height=\"720\" src=\"https://www.youtube.com/embed/VE96oZ21ncA\" title=\"YouTube video player\" frameborder=\"0\" allow=\"accelerometer; autoplay; clipboard-write; encrypted-media; gyroscope; picture-in-picture\" allowfullscreen></iframe>','구찌','하뵤!! 처음으로 언박싱 영상을 한번 찍어봤어유ㅎㅎ\r\n재밌게 봐주세유ㅎㅎ 꺅!\r\n그리고 하랑이들 항상 감사해유~~(라뷰라뷰)\r\n\r\ninstagram :  https://www.instagram.com/m_mmmj22/\r\nJAPAN Shop : http://www.habi-unni.jp/\r\nGlobal Shop : http://habi-unni.net/\r\nShop :   https://www.habi-unni.com\r\n광고,협찬제안 habiunni@naver.com\r\n\r\n\r\n?Music provided by 브금대통령\r\n?Track : 가을 운동회 - https://youtu.be/CwcmMU7K55o\r\n\r\nMusic by Mona Wonderlick\r\n\r\nFree Download: [https://www.toneden.io/mona-wonderlic...]\r\n\r\nYouTube: http://bit.ly/youtube-monawonderlick \r\nSoundcloud: http://bit.ly/soundcloud-mona-wonderlick\r\nSpotify: http://bit.ly/spotify-mona-wonderlick\r\n\r\n#명품하울#구찌언박싱#패션룩북','2022-03-10 05:18:05','2022-03-10 05:18:05',0,'Y'),(11,'【라모다디테】 뉴발란스992 상세 리뷰 및 993 과의 비교 싹쓰리 정리??','라모다디테','<iframe width=\"1280\" height=\"720\" src=\"https://www.youtube.com/embed/IJMyfepxUKc\" title=\"YouTube video player\" frameborder=\"0\" allow=\"accelerometer; autoplay; clipboard-write; encrypted-media; gyroscope; picture-in-picture\" allowfullscreen></iframe>','','??  소개 ?? \r\n안녕하세요, 라모다디테입니다. 이번에는 뉴발란스 992 제품 소개 및 코디 영상을 준비해보았습니다. 또한 많은 분들이 궁금해하시는 992와 993 제품의 차이점도 자세히 설명해놓았습니다. 영상 재미있고 유익하게 보셨다면, 좋아요와 구독 버튼 꾸욱 눌러주시길 부탁드립니다♥\r\n\r\n#Instagram\r\n정빈 : https://instagram.com/hanjumping\r\n혜윤 : https://instagram.com/heizzelnut\r\n\r\n? 영상 타임라인 ?\r\n\r\n00:00 인트로 및 콘텐츠 소개\r\n00:19  디자인, 색상, 가격\r\n01:18  착화감\r\n02:06 사이즈 추천\r\n03:04 개인 매물 구매 방법\r\n04:19  992 vs 993 제품 비교\r\n07:32  992 활용 코디 \r\n?? 모델 및 사이즈 정보??\r\n\r\n모델 키 및 체중 : 158cm / 43kg \r\n모델 사이즈\r\n- 상의 : S 혹은 44-55\r\n- 하의 : S 혹은 25-26\r\n- 신발 : 225-230\r\n? 음원 출처 ?\r\n1.\r\nTrack: Sunbathing - 로로나의 아틀리에 [No copyright]\r\n2.\r\nTrack : Giulio Cercato - Friends\r\ninstagram - www.instagram.com/giuliocercato\r\n✔나눔뮤직 - https://tv.naver.com/v/10425641\r\n* Video Source Support\r\nYoutube channel \"freeticon\" : https://www.youtube.com/channel/UCR0g...','2022-03-10 05:19:18','2022-03-10 05:19:18',2,'Y'),(12,'오프화이트 테이프 애로우 맨투맨(남) / 플라워 후드 리뷰(여)','명집사','<iframe width=\"1280\" height=\"720\" src=\"https://www.youtube.com/embed/TCidnyUn3bE\" title=\"YouTube video player\" frameborder=\"0\" allow=\"accelerometer; autoplay; clipboard-write; encrypted-media; gyroscope; picture-in-picture\" allowfullscreen></iframe>','오프화이트','이번 명품 소개는 내돈내산! 오프화이트 맨투맨과 후드 티셔츠 입니다.\r\n\r\n1:32 - 1. 오프화이트 테이프 애로우 맨투맨 20SS - 블랙 / 남 / XL(110)\r\n3:11 - 2. 테이프 애로우 맨투맨 장/단점\r\n5:24 - 3. 오프화이트 플라워 후드티 19SS 블랙/블랙 화이트 / 여 / S(90)\r\n7:11 - 4. 무스너클 플라워 후드티 장/단점\r\n\r\n오프화이트 카라바조 후드티! 신상 리뷰~ - https://youtu.be/DD6isfB2BM8\r\n스톤아일랜드 후드 집업 바람막이 - 입고 느낀 솔직 리뷰! - https://youtu.be/qRM5N1iaKr0\r\n인싸템 발렌시아가 웨이브 로고 후드 리뷰! - https://youtu.be/xEHxzj6DjVU\r\n핫명품! 톰브라운 상세 리뷰! 꿀팁까지 - https://youtu.be/Pst6ELWVBbE\r\n\r\n무스너클 가성비 아우터! 버니스웨터 20FW - 상세 리뷰 - https://youtu.be/v_kw5Si2joE\r\n\r\n좋아요? 구독?는 저에게 큰 힘이 됩니다^^\r\n언제나 코로나 조심하시고 건강 유의하세요!~','2022-03-10 05:20:26','2022-03-10 05:20:26',0,'Y'),(13,'버질이 남긴 유작! 21FW 오프 화이트 신상 3종 리뷰!','인더톤TV','<iframe width=\"1280\" height=\"720\" src=\"https://www.youtube.com/embed/aY_i67Xdvk4\" title=\"YouTube video player\" frameborder=\"0\" allow=\"accelerometer; autoplay; clipboard-write; encrypted-media; gyroscope; picture-in-picture\" allowfullscreen></iframe>','오프화이트','셔츠와 후드티. 버질이 남긴 맨투맨까지\r\n마지막 작품을 만나보세요. \r\n\r\n판매량이 떨어지고 있는 추세지만\r\n만듦새가 남다른 디테일의 명품이라는 결론! \r\n\r\n20,30,40대가 생각하는 오프 화이트의 느낌은? \r\n\r\n전세계에서 가장 저렴한 가격을 자랑하는\r\n한국의 오프 화이트에\r\n사장 매니저 직원 모두 강추를\r\n날린 제품은 무엇일까요? \r\n\r\n발렌시아가 vs 오프화이트 비교! \r\n\r\n남자 vs 여자.... 어느 성별이 잘 어울릴까요? \r\n\r\n베트멍 오프화이트 인더톤은 깐부(?) \r\n같은 해에 올라온 브랜드들!\r\n더 오랫동안 인기를 얻을 브랜드는 \r\n무엇일지 점쳐봅니다.','2022-03-10 05:21:54','2022-03-10 05:21:54',0,'Y'),(14,'직접 신어보니 생각보다 이뻤던 \'아디다스XDPR\' 신발 리뷰!','스타일가이드 최겨울','<iframe width=\"1280\" height=\"720\" src=\"https://www.youtube.com/embed/pM_g-YFwVSY\" title=\"YouTube video player\" frameborder=\"0\" allow=\"accelerometer; autoplay; clipboard-write; encrypted-media; gyroscope; picture-in-picture\" allowfullscreen></iframe>','아디다스','X유료광고 및 협찬 미포함X\r\n\r\n*패션커뮤니티 : http://cafe.naver.com/winterchoi\r\n*인스타그램 : https://www.instagram.com/wt830/\r\n\r\nⓒ 2021. winter choi all rights reserved.','2022-03-10 05:23:13','2022-03-10 05:23:33',1,'Y'),(15,'큰거..오나..? 아디다스 슈퍼스타 리뷰! [슈퍼스타 종류 /디테일 /특징 /착샷 /사이즈 / 싸게사는법..?]','현영현영해 패션유튜브','<iframe width=\"1280\" height=\"720\" src=\"https://www.youtube.com/embed/5X2dGb7j9Ec\" title=\"YouTube video player\" frameborder=\"0\" allow=\"accelerometer; autoplay; clipboard-write; encrypted-media; gyroscope; picture-in-picture\" allowfullscreen></iframe>','아디다스','-구독, 좋아요는 컨텐츠 제작에 큰 힘이 됩니다!!?\r\n-제 모든 영상은 저의 주관으로 만들어지기에 참고만 해주시면 감사하겠습니다!?‍♀️?‍♂️\r\n-건전한 댓글문화를 위해 앞으로는 선의의 비판이 아닌 악의적인 악플들은 숨김, 블랙을 하도록 하겠습니다!\r\n-광고 없어요!\r\n\r\n[현영 스펙]\r\n스펙 -178 / 63\r\n상의 - L / 100\r\n하의 - M / 30\r\n\r\n[타임라인]\r\n00:00​​ - 인트로!\r\n00:04​​ - 오프닝!\r\n00:39​​ - 슈퍼스타? (소개 / 종류 등)\r\n01:23​​ - 슈퍼스타 특징 / 디테일\r\n02:59 - 슈퍼스타 착샷 / 사이즈 / 착화감\r\n04:19 - ※호불호 주의 : 저렴하게 구매하는법..?\r\n05:37 - 마무리!\r\n\r\n[주저리 주저리]\r\n안녕하세요! 현영입니다!?\r\n오늘은 룩북과 길거리에서 슬슬 보이기 시작하는 슈퍼스타를 리뷰해봤습니다!\r\n\r\n여러분들 항상 부족한 저를 기다려주셔서 감사해요!!\r\n그런 여러분들에게 이번 영상도 조금이나마 즐거움과 도움을 드렸으면 좋겠네요!?\r\n\r\n그럼 저는 다음 쇼츠영상으로 돌아올게요! 안녕!?\r\n\r\n[비지니스 문의]\r\n이메일 : chy2859@gmail.com\r\n인스타그램 : @hyhyh_fashion\r\n','2022-03-10 05:24:35','2022-03-10 05:24:35',0,'Y'),(16,'봄신상 스니커즈 \"아디다스 니짜 트레포일\" feat.슈마커 [코비진스 리뷰]','코비진스','<iframe width=\"1280\" height=\"720\" src=\"https://www.youtube.com/embed/lOXDBUMQUOM\" title=\"YouTube video player\" frameborder=\"0\" allow=\"accelerometer; autoplay; clipboard-write; encrypted-media; gyroscope; picture-in-picture\" allowfullscreen></iframe>','아디다스','일상화, 패션화, 교복화, 커플화, 등등등\r\n다 잘 어울리는 스니커즈 \"아디다스 니짜 트레포일\" 입니다.\r\n\r\n\r\n코비진스 이메일 : dufflecoat@naver.com (광고 및 비지니스 문의)\r\n\r\n코비진스 인스타 : https://www.instagram.com/kobejeans\r\n코비진스 블로그 : https://blog.naver.com/dufflecoat','2022-03-10 05:27:38','2022-03-10 05:27:38',0,'Y'),(17,'? 발렌시아가 60만원 반팔티는 어떨까? 패션 리뷰','쩡대의 패션하우스','<iframe width=\"1280\" height=\"720\" src=\"https://www.youtube.com/embed/6FDS6IqPT78\" title=\"YouTube video player\" frameborder=\"0\" allow=\"accelerometer; autoplay; clipboard-write; encrypted-media; gyroscope; picture-in-picture\" allowfullscreen></iframe>','발렌시아가','#패션 #쩡대 #반팔티\r\n\r\n오늘도 시청해 주셔서 감사합니다 :D\r\n구독과 좋아요 알람설정 부탁드립니다.\r\n_______________________________________________\r\n\r\n실시간 Live - https://bit.ly/2B9rZcQ\r\n인스타 : https://bit.ly/2YCFPg2\r\n쩡대샵 : https://bit.ly/2BeMmoR\r\n쩡대 브랜드 : http://roundoff.kr\r\n_______________________________________________\r\n\r\n비지니스 메일 : jaeho@style-d.co.kr \r\n컨텐츠 메일 : hotjdh@naver.com','2022-03-10 05:28:32','2022-03-10 05:28:32',0,'Y'),(18,'[HAUL 하울] 발렌시아가에서 1200만원 쇼핑!! 하울 & 리뷰 영상 3탄!',' 환튜브[Hwantube]','<iframe width=\"1280\" height=\"720\" src=\"https://www.youtube.com/embed/lcuB20Mcc3Q\" title=\"YouTube video player\" frameborder=\"0\" allow=\"accelerometer; autoplay; clipboard-write; encrypted-media; gyroscope; picture-in-picture\" allowfullscreen></iframe>','발렌시아가','발렌시아가에서 1200만원 쇼핑을 했습니다!\r\n아우터 위주로 구입을 했구요! 하울 영상 3탄 입니다!\r\n4탄 영상도 준비되어 있으니 기대해주세요!\r\n\r\n많은 시청과 관심 부탁드립니다!!^^\r\n\r\n#하울 #명품하울 #발렌시아가하울','2022-03-10 05:29:24','2022-03-10 05:29:24',1,'Y'),(19,'겨울이지만 구매한 발렌시아가 데님 리뷰 / balenciaga 21FW','김검어','<iframe width=\"1280\" height=\"720\" src=\"https://www.youtube.com/embed/As0WAwy8PfU\" title=\"YouTube video player\" frameborder=\"0\" allow=\"accelerometer; autoplay; clipboard-write; encrypted-media; gyroscope; picture-in-picture\" allowfullscreen></iframe>','발렌시아가','스펙/제품 정보\r\n\r\n김검어\r\n173/59\r\n아우터 : magliano\r\n상의 : batoner, ourleagcy\r\n하의 : balenciaga \r\n신발 : balenciaga\r\n\r\n씩검어\r\n179/19\r\n아우터 : veilga\r\n상의 : uniqlo\r\n하의 : balenciaga\r\n신발 : newbalance\r\n\r\n문의 : rlawhgus94@naver.com\r\n\r\n디스트로이드 데님\r\nhttps://www.jentestore.com/goods/view...\r\n\r\n웨이스트 데님\r\nhttps://www.jentestore.com/goods/view...\r\n\r\n00:00 인트로\r\n00:23 구매이유\r\n04:04 인트로 2\r\n04:45 제품 디테일','2022-03-10 05:30:19','2022-03-10 05:30:19',0,'Y'),(20,'21FW 아이앱 스튜디오(IAB STUDIO) 맨투맨 & 스웻팬츠 리뷰(사이즈 팁, 착용 영상)','패션의 정수','<iframe width=\"1280\" height=\"720\" src=\"https://www.youtube.com/embed/C0anNgSAh2Y\" title=\"YouTube video player\" frameborder=\"0\" allow=\"accelerometer; autoplay; clipboard-write; encrypted-media; gyroscope; picture-in-picture\" allowfullscreen></iframe>','아이앱 스튜디오','이번 영상에서는 아이앱 스튜디오 맨투맨과 스웻팬츠를 리뷰 해보았습니다.\r\n사이즈 팁과 착용 영상까지~\r\n\r\n\r\n\r\n? 영상 시청해 주셔서 너무 감사합니다!\r\n\r\n도움이 되셨다면 구독과 좋아요 부탁드려요.  :  )\r\n \r\n\r\n? 영상 주제\r\n아이앱 스튜디오 맨투맨 & 스웻팬츠 리뷰\r\n\r\n\r\n[BGM]\r\nCHILL DAY\r\nMusic provided by LAKEY INSPIRED https://soundcloud.com/lakeyinspired​​​\r\nPromoted by BGMD No Copyright Music http://tiny.cc/yf4qpz​​​\r\nCreative Commons — CC BY 3.0 http://tiny.cc/ddgnpz​​​\r\n\r\n[Video Source Support]\r\nYoutube channel \"freeticon\" : https://www.youtube.com/c/Freeticon\r\n\r\n\r\n? 패션의 정수 SNS\r\n이메일 : jsoffashion@naver.com\r\n인스타그램 : https://www.instagram.com/jxyslxx\r\n네이버 카페 : https://cafe.naver.com/jsoffashion\r\n\r\n \r\n#아이앱스튜디오 #맨투맨 #스웻팬츠','2022-03-10 05:33:02','2022-03-10 05:33:02',0,'Y'),(21,'※뒷북주의※ 빈지노 브랜드? 아이앱 스튜디오 하프 집업 리뷰 +코디?','키오 kio_x','<iframe width=\"1280\" height=\"720\" src=\"https://www.youtube.com/embed/Yvz9k7rPlX8\" title=\"YouTube video player\" frameborder=\"0\" allow=\"accelerometer; autoplay; clipboard-write; encrypted-media; gyroscope; picture-in-picture\" allowfullscreen></iframe>','아이앱 스튜디오','안녕하세요 여러분 키오에요~\r\n출시된 지는 좀 되었지만 작년 겨울에 출시되었던\r\n아이앱 스튜디오의 하프집업 리뷰를 가져왔어요!\r\n하프집업 리뷰와 코디까지 만나보세요~:D\r\n-\r\n인스타그램 : https://www.instagram.com/kioxkio93/','2022-03-10 05:34:40','2022-03-10 05:34:40',0,'Y'),(22,'아이앱 스튜디오 브랜드 소개 / 제품 리뷰 / 사이즈 가이드 [아이앱 후드티, 아이앱 반팔티, 아이앱 롱슬리브]',' 현영현영해 패션유튜브','<iframe width=\"1280\" height=\"720\" src=\"https://www.youtube.com/embed/BQ6Xu3UDcew\" title=\"YouTube video player\" frameborder=\"0\" allow=\"accelerometer; autoplay; clipboard-write; encrypted-media; gyroscope; picture-in-picture\" allowfullscreen></iframe>','아이앱 스튜디오','-구독, 좋아요는 컨텐츠 제작에 큰 힘이 됩니다!!?\r\n-광고가 포함되어있지 않은 영상이에요!\r\n-패션은 주관적인 개인 취향의 영역이기에 영상은 참고만 해주시고 재미있게 봐주시면 정말 감사하겠습니다??‍♂️??‍♀️??‍♂️\r\n-건전한 댓글문화를 위해 앞으로는 선의의 비판이 아닌 악의적인 악플들은 숨김, 블랙을 하도록 하겠습니다!\r\n\r\n[현영 스펙]\r\n스펙 -178 / 63\r\n상의 - L / 100\r\n하의 - M / 30\r\n\r\n[타임라인]\r\n00:15​​ - 인트로!\r\n00:45​​ - 오프닝!\r\n01:23​​ - 아이앱 스튜디오는?\r\n02:54​​ - 아이앱 후드티 리뷰/사이즈 가이드\r\n04:24 - 아이앱 롱슬리브 리뷰/사이즈 가이드\r\n05:41 - 아이앱 반팔 리뷰/사이즈 가이드\r\n07:23 - 엔딩!\r\n\r\n[잡담]\r\n유난히 악재가 많이 겹쳤던 지난 몇주, 여러분들의 따뜻한 위로 덕분에 잘 쉬다가 휴재를 마치고 무사히 돌아왔습니다!! 다시한번 정말 감사드립니다!?\r\n\r\n악조건 속 급하게 돌아오다보니 이번 영상 퀄리티가 너무 마음에 안드네요..?\r\n그래도 다음에는 더 좋은 모습으로 돌아오겠습니다!!\r\n그럼 모두들 좋은 하루하루 보내세요!?\r\n\r\n[비지니스 문의]\r\n이메일 : chy2859@gmail.com\r\n인스타그램 : @hyhyh_fashion','2022-03-10 05:36:01','2022-03-10 05:36:01',0,'Y'),(23,'스톤아일랜드 입문 뭘로 할지 궁금해?! 제가 알려드립니다! - 입문용으로는... 이게 좋지!!','리튜버와엠','<iframe width=\"1280\" height=\"720\" src=\"https://www.youtube.com/embed/CMAgXCHMSl0\" title=\"YouTube video player\" frameborder=\"0\" allow=\"accelerometer; autoplay; clipboard-write; encrypted-media; gyroscope; picture-in-picture\" allowfullscreen></iframe>','스톤아일랜드','하하이이잇잇\r\n이번에는 스톤아일랜드에서 입문용 아이템으로 좋은~\r\n제품을 추천하는 추천영상입니다!!\r\n제가 봤을 때... 입문용으로는 이게 아주 좋은듯!!\r\n\r\n[리튜버와엠 구독] \r\nhttps://bit.ly/2MAZ2Mf \r\n[리튜버와엠 e-mail] \r\neldkqmffh164@gmail.com \r\n[리튜버와엠 네이버TV] \r\nhttps://tv.naver.com/eldkqmffh164 \r\n\r\n#스톤아일랜드 #스톤아일랜드입문 #STONEISLAND','2022-03-10 05:48:31','2022-03-10 05:48:31',0,'Y'),(24,'[ 직꿀템? ] 스톤아일랜드 맨투맨&후드 4가지 총 80만원 직구 하울 ?| 사이즈팁 | ( 맨투맨, 롱 슬리브 셔츠, 후드 사이즈 ) | 뉴욕걸즈',' 뉴욕걸즈','<iframe width=\"1280\" height=\"720\" src=\"https://www.youtube.com/embed/3vR01SaoRhg\" title=\"YouTube video player\" frameborder=\"0\" allow=\"accelerometer; autoplay; clipboard-write; encrypted-media; gyroscope; picture-in-picture\" allowfullscreen></iframe>','스톤아일랜드','안녕하세요 리뷰걸즈예요 !\r\n메종키츠네에 이어 이번에는 센스에서 구입한\r\n스톤 아일랜드 옷들로 직구하울 영상을 준비해봤어요!! \r\n\r\n이번에는 오른쪽 상단에 실측 사이즈도 같이 표기해뒀으니까\r\n구입하실 때 참고하세요!!\r\n\r\n배송대행 신청하시기 전, \r\n회원가입 할 때 아래 입력해둔 추천인 아이디 입력하시면 \r\n배송비 할인쿠폰 추가로 3장 받을 수 있어요!! \r\n\r\n? 배송대행지 배송비 할인쿠폰 [ 뉴욕걸즈 ]\r\n- 추천인 아이디 : misa9424\r\n- 추천인 아이디 입력하시면 쿠폰 3장 추가발급받으실 수 있어요 : )\r\nhttps://www.nygirlz.co.kr/web/main.php\r\n\r\n#스톤아일랜드직구 #뉴욕걸즈 #센스직구\r\n\r\n?SSENSE 스톤아일랜드 \r\nhttps://bit.ly/3kXk8T3\r\n\r\n?타임라인\r\n00:00 intro\r\n01:11 한국공식몰 VS 센스 가격비교\r\n02:22 01 스톤아일랜드 롱 슬리브 셔츠 / 화이트 S\r\n03:05 02 스톤아일랜드 후드 / 네이비 M\r\n04:07 03 스톤아일랜드 스웨트셔츠 / 네이비 S\r\n04:36 04 스톤아일랜드 스웨트셔츠 / 그레이 L\r\n\r\n\r\n?사이즈 리뷰\r\n02:22 01 화이트 롱 슬리브 셔츠 S_ 총길이 실측: 70cm\r\n03:05 02 네이비 후드  M_ 총길이 실측: 69cm\r\n04:07 03 네이비 스웨트셔츠 S_ 총길이 실측: 67cm\r\n04:36 04 그레이 스웨트셔츠 L_ 총길이 실측: 75cm\r\n\r\n*Model Size*\r\n164cm / 51kg\r\n\r\n\r\n✨제품정보 \r\n\r\n01  스톤아일랜드 롱 슬리브 셔츠 / 화이트 S\r\nWhite Cotton Long Sleeve T-Shirt  https://bit.ly/3kZ9NpE\r\n\r\n02 스톤아일랜드 후드 / 네이비 M\r\nNavy Classic Hoodie  https://bit.ly/3hbBWIO\r\n\r\n03 스톤아일랜드 스웨트셔츠 / 네이비 S\r\nNavy Classic Sweatshirt  https://bit.ly/38IrvYR\r\n\r\n04 스톤아일랜드 맨투맨 / 그레이 L\r\nGrey Cotton Classic Sweatshirt   https://bit.ly/3BKlTJW','2022-03-10 05:50:27','2022-03-10 05:50:27',0,'Y'),(25,'아웃도어 끝판왕! 스톤아일랜드 FW시즌 제품 리뷰!','인더톤TV','<iframe width=\"1280\" height=\"720\" src=\"https://www.youtube.com/embed/yt7tQhEsuBU\" title=\"YouTube video player\" frameborder=\"0\" allow=\"accelerometer; autoplay; clipboard-write; encrypted-media; gyroscope; picture-in-picture\" allowfullscreen></iframe>','스톤아일랜드','한국에서 돌풍을 일으키고 있는 돌 섬! \r\n어떻게 생겨나서 길러진 아이인지 들여다봅니다. \r\nCP컴퍼니와 형제 브랜드인 스톤 아일랜드. \r\n\r\n인더톤 사장 직원 매니저들에게\r\n철저히(?) 외면 당하는 스톤 아일랜드.\r\n\r\n가격적인 면에서 메리트가 없다? \r\n디자인이 어렵다? \r\n특이한 원단 색상으로도 유명한 스톤 아일랜드.!\r\n\r\n니트 바람막이 점퍼를 리뷰해봅니다. \r\n\r\n계속되는 직원의 트래킹 타령! \r\n덧붙이는 사장의 목적성! \r\n그럼에도 불구하고 안산다는 매니저!!! \r\n\r\n이유를 알려드립니다. \r\n\r\n스톤 아일랜드 사느니 000 산다! \r\n과연 그 브랜드는 무엇일까요.? \r\n\r\n이렇게 리뷰해도 되나 싶은\r\n고품격 명품 리뷰 인더톤티비.\r\n\r\n겁나 까이는 스톤 아일랜드를 만나보세요','2022-03-10 05:51:18','2022-03-10 05:51:18',0,'Y'),(26,'[데프콘TV] 오지고 지리는 슈프림 가죽잠바 3종!!!!! Supreme은 사랑입니다!','데프콘TV','<iframe width=\"1280\" height=\"720\" src=\"https://www.youtube.com/embed/BRaFld1hXws\" title=\"YouTube video player\" frameborder=\"0\" allow=\"accelerometer; autoplay; clipboard-write; encrypted-media; gyroscope; picture-in-picture\" allowfullscreen></iframe>','슈프림','이제 슈프림도 소개 좀 해볼까용~~~','2022-03-10 05:52:45','2022-03-10 05:52:45',2,'Y'),(27,'[리뷰] 슈프림 캠프캡 리뷰 ⭐️ supreme cap review',' 줄리아 Julia','<iframe width=\"1280\" height=\"720\" src=\"https://www.youtube.com/embed/DEK6Zji0Oik\" title=\"YouTube video player\" frameborder=\"0\" allow=\"accelerometer; autoplay; clipboard-write; encrypted-media; gyroscope; picture-in-picture\" allowfullscreen></iframe>','슈프림','구독과 좋아요는 사랑입니다.. ❤️ \r\nInstagram: julia_chuu33 에서도 만나요 ??‍♀️?','2022-03-10 05:53:38','2022-03-10 05:53:38',0,'Y'),(28,'[리뷰] 슈프림x스톤아일랜드 크링클랩스 - 드디어 구매했네요... 진짜 너무 이쁨! 쇼핑각!',' 리튜버와엠','<iframe width=\"1280\" height=\"720\" src=\"https://www.youtube.com/embed/bf87mLimP6Y\" title=\"YouTube video player\" frameborder=\"0\" allow=\"accelerometer; autoplay; clipboard-write; encrypted-media; gyroscope; picture-in-picture\" allowfullscreen></iframe>','슈프림','하하이이잇잇\r\n이번에는 슈프림과 스톤아일랜드가 협업한!!\r\n슈스톤 크링클랩스 다운 입니다!\r\n예정은 저번 영상에 이 영상이 올라가야되는데\r\n나이키 x 사카이가 당첨돼서 급하게 올리느라 늦어졌네요!\r\n여튼! 리셀로 구매했지만 진짜 개이쁘긴함...\r\n리셀가가 떨어지면 다른 색도 하나 구매하고싶음!!\r\n[리튜버와엠 구독] \r\nhttps://bit.ly/2MAZ2Mf \r\n[리튜버와엠 e-mail] \r\neldkqmffh164@gmail.com \r\n[리튜버와엠 네이버TV] \r\nhttps://tv.naver.com/eldkqmffh164 \r\n','2022-03-10 05:55:10','2022-03-10 05:55:10',0,'Y'),(29,'내년에도 이지 부스트 350을 신을까?! / Adidas Yeezy Boost 350 V2 Beluga Reflective / 실착리뷰','슈룩','<iframe width=\"1280\" height=\"720\" src=\"https://www.youtube.com/embed/kdG7_-AQ7ao\" title=\"YouTube video player\" frameborder=\"0\" allow=\"accelerometer; autoplay; clipboard-write; encrypted-media; gyroscope; picture-in-picture\" allowfullscreen></iframe>','이지','안녕하세요. \r\n신발을 사랑하는 유튜버 슈룩입니다.\r\n구독, 좋아요, 알림설정 사랑입니다. 부탁드려요~♡\r\n\r\n오랜만에 이지 350 제품을 리뷰하는것 같아요\r\n이지 350 V2 벨루가 제품이에요!\r\n\r\n0:00 인트로\r\n1:50 박스보기 \r\n2:23 제품보기\r\n5:54 제품시착\r\n7:56 마무리\r\n\r\n모델명 : 아디다스 이지 부스트 350 V2 벨루가 - 리플렉티브\r\n스타일 번호 : GW1229\r\n색상 : BELUGA RF/STEEPLE GREY/SOLAR RED\r\n발매가 : 329,000원\r\n\r\n인스타그램 : https://instagram.com/shoes_l_oo_k​​​\r\n구독하기 : http://www.youtube.com/c/슈룩​​​​​​​​​\r\n','2022-03-10 05:56:35','2022-03-10 05:56:35',0,'Y'),(30,'[요즘신발것들] 이지하면 칸예리뷰인거 아시죠? (adidas yeezy 700 v3 kyanite / 아디다스 이지 700 v3 카야나이트)',' 채널덕쓰','<iframe width=\"1280\" height=\"720\" src=\"https://www.youtube.com/embed/O96dhc_d5Dw\" title=\"YouTube video player\" frameborder=\"0\" allow=\"accelerometer; autoplay; clipboard-write; encrypted-media; gyroscope; picture-in-picture\" allowfullscreen></iframe>','이지','행주와 함께하는 이지(라고 쓰고 칸예 라고 읽는)리뷰!\r\n수파사이즈의 발언을 정면으로 반박하는데...!\r\n이거 나중에 수파형이랑 100분 토론각 아냐?!\r\n','2022-03-10 05:57:24','2022-03-10 05:57:24',2,'Y'),(31,'아디다스 이지부스트 350 V2 시온 \'zyon\' 실착 리뷰 / 지브라냐 시온이냐 그것이 고민이다 싹쓰리 보여줄께!','슈룩','<iframe width=\"1280\" height=\"720\" src=\"https://www.youtube.com/embed/JuGLV_CUEjE\" title=\"YouTube video player\" frameborder=\"0\" allow=\"accelerometer; autoplay; clipboard-write; encrypted-media; gyroscope; picture-in-picture\" allowfullscreen></iframe>','이지','안녕하세요. \r\n신발을 사랑하는 유튜버 슈룩입니다.\r\n구독, 좋아요, 알림설정 사랑입니다. 부탁드려요~♡\r\n\r\n오랜만에 들고 온 이지부스트 350 제품이예요!\r\n칸예의 철학이 담겼다고 하는 시온 제품인데요\r\n신물로 봐야 더 이쁜 제품입니다ㅎㅎ\r\n이 제품은 자이온인지 시온인지 지온인지 어떻게 불러야하나 어렵네요..\r\n\r\n인스타그램 : https://instagram.com/shoes_l_oo_k\r\n구독하기 : http://www.youtube.com/c/슈룩','2022-03-10 06:10:03','2022-03-10 06:10:03',1,'Y'),(32,'화이트가맞는걸까요? 이지부스트 트리플화이트 클라우드화이트 스니커즈리뷰 /yeezyboost350v2triplewhite clouldwhite','유찬스 방구석전문가','<iframe width=\"1280\" height=\"720\" src=\"https://www.youtube.com/embed/YgVdwcGqJ2g\" title=\"YouTube video player\" frameborder=\"0\" allow=\"accelerometer; autoplay; clipboard-write; encrypted-media; gyroscope; picture-in-picture\" allowfullscreen></iframe>','이지','#이지부스트#이지350v2#이지부스트350v2\r\n\r\n안녕하세요 유찬스입니다^^\r\n오늘의 스니커리뷰는 이지부스트화이트컬러\r\n트리플화이트와 클라우드화이트입니다^^\r\n어떤매력이있는지 살펴보시죠','2022-03-10 06:10:38','2022-03-10 06:10:38',0,'Y');
/*!40000 ALTER TABLE `watch_board` ENABLE KEYS */;
UNLOCK TABLES;
/*!40103 SET TIME_ZONE=@OLD_TIME_ZONE */;

/*!40101 SET SQL_MODE=@OLD_SQL_MODE */;
/*!40014 SET FOREIGN_KEY_CHECKS=@OLD_FOREIGN_KEY_CHECKS */;
/*!40014 SET UNIQUE_CHECKS=@OLD_UNIQUE_CHECKS */;
/*!40101 SET CHARACTER_SET_CLIENT=@OLD_CHARACTER_SET_CLIENT */;
/*!40101 SET CHARACTER_SET_RESULTS=@OLD_CHARACTER_SET_RESULTS */;
/*!40101 SET COLLATION_CONNECTION=@OLD_COLLATION_CONNECTION */;
/*!40111 SET SQL_NOTES=@OLD_SQL_NOTES */;

-- Dump completed on 2022-03-10 21:52:23
