<?xml version="1.0" encoding="UTF-8"?>
<beans xmlns="http://www.springframework.org/schema/beans"
	xmlns:xsi="http://www.w3.org/2001/XMLSchema-instance"
	xmlns:mybatis-spring="http://mybatis.org/schema/mybatis-spring"
	xmlns:context="http://www.springframework.org/schema/context"
	xmlns:aop="http://www.springframework.org/schema/aop"
	xmlns:task="http://www.springframework.org/schema/task"
	xsi:schemaLocation="http://mybatis.org/schema/mybatis-spring http://mybatis.org/schema/mybatis-spring-1.2.xsd
		http://www.springframework.org/schema/task http://www.springframework.org/schema/task/spring-task-4.3.xsd
		http://www.springframework.org/schema/beans https://www.springframework.org/schema/beans/spring-beans.xsd
		http://www.springframework.org/schema/context http://www.springframework.org/schema/context/spring-context-4.3.xsd
		http://www.springframework.org/schema/aop http://www.springframework.org/schema/aop/spring-aop-4.3.xsd">
	
	<!-- Root Context: defines shared resources visible to all other web components -->
	<bean id="hikariConfig" 
		class="com.zaxxer.hikari.HikariConfig">
		<property name="driverClassName" value="com.mysql.cj.jdbc.Driver"/>
		<property name="jdbcUrl" value="jdbc:mysql://localhost:3306/startWeb"/>
		<property name="username" value="smartWeb" />
		<property name="password" value="12345" />
	</bean>
	<bean id="ds" class="com.zaxxer.hikari.HikariDataSource">
		<constructor-arg ref="hikariConfig"/>
	</bean>
	
	<bean id="sqlSessionFactory"
		 class="org.mybatis.spring.SqlSessionFactoryBean">
		<property name="dataSource" ref="ds"/>
	</bean>
	
	<mybatis-spring:scan base-package="net.koreate.*.dao"/>
	
	<bean id="transactionManager" 
	class="org.springframework.jdbc.datasource.DataSourceTransactionManager">
		<property name="dataSource" ref="ds"/>
	</bean>
	
	<aop:aspectj-autoproxy></aop:aspectj-autoproxy>
	
	<bean id="uploadPath" class="java.lang.String">
		<constructor-arg value="resources/upload"/>
	</bean>
	
	 <bean id="filterMultipartResolver" class="org.springframework.web.multipart.commons.CommonsMultipartResolver">
		<property name="maxUploadSize" value="10485760"/>
		<property name="defaultEncoding" value="UTF-8"/>
	</bean>
	
	<!-- @Scheduled 등록된 빈 객체 중에 어노테이션을 검색해서 작업을 실행 -->
	<task:annotation-driven/>
	<!-- task 객체 bean 등록 -->
	<context:component-scan base-package="net.koreate.common.task"/>
		
	<context:component-scan base-package="net.koreate.*.service"/>	
	
	<bean id="mailSender" class="org.springframework.mail.javamail.JavaMailSenderImpl">
		<property name="host" value="smtp.gmail.com" />
		<property name="port" value="587" />
		<property name="username" value="aazzc123@gmail.com" />
		<property name="password" value="yjhbknbgcivngbdw" />
		<property name="javaMailProperties">
			<props>
				<prop key="mail.transprot.protocol">smtp</prop>
				<prop key="mail.smtp.auth">true</prop>
				<prop key="mail.smtp.starttls.enable">true</prop>
			</props>
		</property>
	</bean>	
		
</beans>
